Dependent Variable,Independent Variable,Coefficient,P-Value,H0 Rejected,R-squared
空壓機,冷氣_15T_,-0.045130507967385936,0.39196666954308323,No,0.9443843830026806
空壓機,冷氣_20T_,-0.15960877179027871,1.0286368519592826e-07,Yes,0.9443843830026806
空壓機,電梯,-0.45989118196991224,0.6012173761643118,No,0.9443843830026806
空壓機,對面廠房鍋爐,0.03062274927129849,0.9937803063800397,No,0.9443843830026806
空壓機,對面廠房軋紙機,-0.11588897599372072,0.7043932673371559,No,0.9443843830026806
空壓機,對面廠房浪紙機,-0.24794811046714532,0.08147501074943182,No,0.9443843830026806
空壓機,五色印刷機,0.007335814230632731,0.7082839703103863,No,0.9443843830026806
空壓機,空壓機_2_,0.31152389455830903,0.0007268633271807572,Yes,0.9443843830026806
空壓機,水箱印刷冷卻機,-0.2629706790995372,0.0010651700282806947,Yes,0.9443843830026806
空壓機,成形機2台,0.12009986439983461,0.07155013657464106,No,0.9443843830026806
空壓機,覆膜機兩台,-0.18025293759801844,0.007279463437310319,Yes,0.9443843830026806
空壓機,自動軋紙機2,0.5841911159086894,3.8430337219192735e-44,Yes,0.9443843830026806
空壓機,自動軋紙機3,-0.1235483551122235,0.33126072661096573,No,0.9443843830026806
空壓機,隔壁間冷氣,-0.515280234511862,0.0010683068886149162,Yes,0.9443843830026806
空壓機,裁紙機,-0.4704792856413428,0.293890429393396,No,0.9443843830026806
空壓機,UV_IR機,0.040764542509969956,0.18892677947359746,No,0.9443843830026806
空壓機,六色印刷機,-0.030281409043635545,0.09948964313050754,No,0.9443843830026806
空壓機,冷氣機2台__第一台_,0.03096745915822563,0.7068343259128111,No,0.9443843830026806
空壓機,冷氣機2台__第二台_,-0.0003020174562112232,0.9958047314531333,No,0.9443843830026806
空壓機,T_10T冷氣機,0.08471845852819762,0.34319254591348625,No,0.9443843830026806
空壓機,四色機,-0.036507161991460355,0.05876427096753738,No,0.9443843830026806
冷氣_15T_,空壓機,-0.07522244168183853,0.3919666695430658,No,0.9246233159916277
冷氣_15T_,冷氣_20T_,0.07625029099800554,0.05557888191436058,No,0.9246233159916277
冷氣_15T_,電梯,0.080789293930563,0.9433224784606572,No,0.9246233159916277
冷氣_15T_,對面廠房鍋爐,5.805550906981964,0.251607963471235,No,0.9246233159916277
冷氣_15T_,對面廠房軋紙機,-0.4185095419181558,0.288024906413405,No,0.9246233159916277
冷氣_15T_,對面廠房浪紙機,0.01678183508139891,0.9274808333307005,No,0.9246233159916277
冷氣_15T_,五色印刷機,-0.0009279063384828729,0.9707618717304163,No,0.9246233159916277
冷氣_15T_,空壓機_2_,0.26309908651618624,0.028248824536943863,Yes,0.9246233159916277
冷氣_15T_,水箱印刷冷卻機,-0.20197378328412544,0.053440547871375324,No,0.9246233159916277
冷氣_15T_,成形機2台,-0.32997224396764496,0.00010123822957700355,Yes,0.9246233159916277
冷氣_15T_,覆膜機兩台,0.18070790344194315,0.037793804682386294,Yes,0.9246233159916277
冷氣_15T_,自動軋紙機2,0.0509174454018887,0.44472573246110303,No,0.9246233159916277
冷氣_15T_,自動軋紙機3,-0.017106792040105567,0.9170995704264244,No,0.9246233159916277
冷氣_15T_,隔壁間冷氣,0.6125852330996553,0.0026372941379301145,Yes,0.9246233159916277
冷氣_15T_,裁紙機,-0.3370890439477815,0.5605734724752198,No,0.9246233159916277
冷氣_15T_,UV_IR機,0.008340791440468422,0.8353816915705731,No,0.9246233159916277
冷氣_15T_,六色印刷機,0.023800378400396695,0.31687708515757607,No,0.9246233159916277
冷氣_15T_,冷氣機2台__第一台_,-0.04314471188925145,0.6848214364353676,No,0.9246233159916277
冷氣_15T_,冷氣機2台__第二台_,0.34784708881271015,1.4528392598887306e-06,Yes,0.9246233159916277
冷氣_15T_,T_10T冷氣機,0.4114916246930476,0.0002984805815736078,Yes,0.9246233159916277
冷氣_15T_,四色機,0.005025543923470627,0.8409358786337079,No,0.9246233159916277
冷氣_20T_,空壓機,-0.7715146508653113,1.0286368519593509e-07,Yes,0.8627458848674039
冷氣_20T_,冷氣_15T_,0.22113206569016114,0.0555788819143576,No,0.8627458848674039
冷氣_20T_,電梯,-4.693831660665399,0.014593329203905514,Yes,0.8627458848674039
冷氣_20T_,對面廠房鍋爐,-1.4115508124964826,0.8701728893819558,No,0.8627458848674039
冷氣_20T_,對面廠房軋紙機,0.3693316555486209,0.5822832910601259,No,0.8627458848674039
冷氣_20T_,對面廠房浪紙機,-0.027760832496672216,0.9295510873195533,No,0.8627458848674039
冷氣_20T_,五色印刷機,-0.08708621353347441,0.04239307326576912,Yes,0.8627458848674039
冷氣_20T_,空壓機_2_,0.35108187507682465,0.08628761183033638,No,0.8627458848674039
冷氣_20T_,水箱印刷冷卻機,0.5413193902499543,0.0022178112689369674,Yes,0.8627458848674039
冷氣_20T_,成形機2台,0.1461939678705924,0.3197005768365961,No,0.8627458848674039
冷氣_20T_,覆膜機兩台,-0.4288566225199926,0.0036321704402767835,Yes,0.8627458848674039
冷氣_20T_,自動軋紙機2,0.5788392596377545,1.4174422725640516e-07,Yes,0.8627458848674039
冷氣_20T_,自動軋紙機3,0.7162047164490977,0.009917202390302826,Yes,0.8627458848674039
冷氣_20T_,隔壁間冷氣,-1.022365745196347,0.003221173428787032,Yes,0.8627458848674039
冷氣_20T_,裁紙機,-1.3757160517617928,0.1623063889246683,No,0.8627458848674039
冷氣_20T_,UV_IR機,0.12814164978446566,0.05979209881511497,No,0.8627458848674039
冷氣_20T_,六色印刷機,-0.08974392226996115,0.025990644844965428,Yes,0.8627458848674039
冷氣_20T_,冷氣機2台__第一台_,0.546089924220172,0.0022976393110647943,Yes,0.8627458848674039
冷氣_20T_,冷氣機2台__第二台_,0.1146801413111071,0.3633649626171749,No,0.8627458848674039
冷氣_20T_,T_10T冷氣機,0.1549904132012049,0.4304111592273866,No,0.8627458848674039
冷氣_20T_,四色機,-0.016019163110781963,0.7071392093126632,No,0.8627458848674039
電梯,空壓機,-0.0027545087753553447,0.6012173761643018,No,0.8629053377752329
電梯,冷氣_15T_,0.00029031246673528674,0.9433224784606764,No,0.8629053377752329
電梯,冷氣_20T_,-0.005816063853822903,0.014593329203905556,Yes,0.8629053377752329
電梯,對面廠房鍋爐,-0.1738922504436995,0.5671936725513668,No,0.8629053377752329
電梯,對面廠房軋紙機,0.012988775656440348,0.5826301529214146,No,0.8629053377752329
電梯,對面廠房浪紙機,-0.0021824691041594205,0.8434672002977068,No,0.8629053377752329
電梯,五色印刷機,0.0006778382180398605,0.6550495870160155,No,0.8629053377752329
電梯,空壓機_2_,0.01672280316809276,0.019925041930336482,Yes,0.8629053377752329
電梯,水箱印刷冷卻機,-0.010392493689076205,0.09774396861798737,No,0.8629053377752329
電梯,成形機2台,0.015103009627435857,0.003214349862144031,Yes,0.8629053377752329
電梯,覆膜機兩台,-0.004479101432473476,0.3923947161422495,No,0.8629053377752329
電梯,自動軋紙機2,0.009272702552282052,0.01955106562648354,Yes,0.8629053377752329
電梯,自動軋紙機3,0.03007643865714523,0.002024572033274922,Yes,0.8629053377752329
電梯,隔壁間冷氣,-0.02235391339166956,0.0689926069190183,No,0.8629053377752329
電梯,裁紙機,0.07960899870325115,0.021104114754737224,Yes,0.8629053377752329
電梯,UV_IR機,-0.0019333941078349055,0.4213328832733281,No,0.8629053377752329
電梯,六色印刷機,0.004730090000426897,0.0007852737229853261,Yes,0.8629053377752329
電梯,冷氣機2台__第一台_,-0.01602783520505726,0.011288069899555775,Yes,0.8629053377752329
電梯,冷氣機2台__第二台_,0.014278146902947441,0.001148289327154706,Yes,0.8629053377752329
電梯,T_10T冷氣機,-0.010401279532349018,0.13204014028373806,No,0.8629053377752329
電梯,四色機,0.0024444352839059096,0.10237706140931835,No,0.8629053377752329
對面廠房鍋爐,空壓機,9.208183699718466e-06,0.9937803063800305,No,0.1329785265791713
對面廠房鍋爐,冷氣_15T_,0.0010473601100609844,0.2516079634712321,No,0.1329785265791713
對面廠房鍋爐,冷氣_20T_,-8.780897155148447e-05,0.8701728893819616,No,0.1329785265791713
對面廠房鍋爐,電梯,-0.008730134733793311,0.5671936725513633,No,0.1329785265791713
對面廠房鍋爐,對面廠房軋紙機,0.001848942972530749,0.7270449463330295,No,0.1329785265791713
對面廠房鍋爐,對面廠房浪紙機,-0.0008271874643961533,0.7383471731722909,No,0.1329785265791713
對面廠房鍋爐,五色印刷機,-0.00012989690701732513,0.7024061368846237,No,0.1329785265791713
對面廠房鍋爐,空壓機_2_,0.0006067289872665892,0.7079383729787656,No,0.1329785265791713
對面廠房鍋爐,水箱印刷冷卻機,-0.00024725557535686506,0.8608627322312976,No,0.1329785265791713
對面廠房鍋爐,成形機2台,0.004952867812225939,1.276718782093882e-05,Yes,0.1329785265791713
對面廠房鍋爐,覆膜機兩台,-0.0015973541742690704,0.17286181876633339,No,0.1329785265791713
對面廠房鍋爐,自動軋紙機2,0.0006611130050646479,0.46006467257063666,No,0.1329785265791713
對面廠房鍋爐,自動軋紙機3,-0.0008560173100824659,0.6981306130090748,No,0.1329785265791713
對面廠房鍋爐,隔壁間冷氣,-0.002367651885123851,0.3914183163098719,No,0.1329785265791713
對面廠房鍋爐,裁紙機,-0.006344459239897552,0.41459290688161854,No,0.1329785265791713
對面廠房鍋爐,UV_IR機,0.00025258650790244754,0.639341715140668,No,0.1329785265791713
對面廠房鍋爐,六色印刷機,0.0001152194314168952,0.7185601386100176,No,0.1329785265791713
對面廠房鍋爐,冷氣機2台__第一台_,0.000902854037881842,0.5270288149803085,No,0.1329785265791713
對面廠房鍋爐,冷氣機2台__第二台_,-0.0007152866763067037,0.4724099925014832,No,0.1329785265791713
對面廠房鍋爐,T_10T冷氣機,-0.0019701404842061812,0.2032885192352056,No,0.1329785265791713
對面廠房鍋爐,四色機,5.973991960284075e-05,0.8590217867419154,No,0.1329785265791713
對面廠房軋紙機,空壓機,-0.005761711950660227,0.7043932673371851,No,0.8832287577164982
對面廠房軋紙機,冷氣_15T_,-0.012483534815230811,0.2880249064134026,No,0.8832287577164982
對面廠房軋紙機,冷氣_20T_,0.0037987308863675425,0.5822832910601217,No,0.8832287577164982
對面廠房軋紙機,電梯,0.10781732557645167,0.582630152921431,No,0.8832287577164982
對面廠房軋紙機,對面廠房鍋爐,0.3057054189935976,0.7270449463330295,No,0.8832287577164982
對面廠房軋紙機,對面廠房浪紙機,0.3785445319204408,6.563475682318455e-52,Yes,0.8832287577164982
對面廠房軋紙機,五色印刷機,-0.011081118869646425,0.010662502915411624,Yes,0.8832287577164982
對面廠房軋紙機,空壓機_2_,-0.06770655052106091,0.0009960662014069702,Yes,0.8832287577164982
對面廠房軋紙機,水箱印刷冷卻機,-0.01010176171356876,0.5774665174052265,No,0.8832287577164982
對面廠房軋紙機,成形機2台,-0.017303935795772968,0.24530661409296028,No,0.8832287577164982
對面廠房軋紙機,覆膜機兩台,0.08288575051931475,1.2217490254566463e-08,Yes,0.8832287577164982
對面廠房軋紙機,自動軋紙機2,-0.006640678675763699,0.5639792018371456,No,0.8832287577164982
對面廠房軋紙機,自動軋紙機3,0.040773076840530977,0.1498999175763424,No,0.8832287577164982
對面廠房軋紙機,隔壁間冷氣,0.07049355338075758,0.046378995129814804,Yes,0.8832287577164982
對面廠房軋紙機,裁紙機,-0.06754055183040951,0.49950329391248927,No,0.8832287577164982
對面廠房軋紙機,UV_IR機,0.015606490813246823,0.02353625097306764,Yes,0.8832287577164982
對面廠房軋紙機,六色印刷機,-0.006784668269544895,0.09785143747709933,No,0.8832287577164982
對面廠房軋紙機,冷氣機2台__第一台_,0.004172420915779946,0.820231470734431,No,0.8832287577164982
對面廠房軋紙機,冷氣機2台__第二台_,0.015303973619160825,0.23134239141171317,No,0.8832287577164982
對面廠房軋紙機,T_10T冷氣機,0.005112904576187155,0.7977108515677978,No,0.8832287577164982
對面廠房軋紙機,四色機,-0.002346277887554181,0.5873463443745421,No,0.8832287577164982
對面廠房浪紙機,空壓機,-0.05640613316474154,0.08147501074943303,No,0.9135555012083775
對面廠房浪紙機,冷氣_15T_,0.0022904866754490036,0.9274808333307137,No,0.9135555012083775
對面廠房浪紙機,冷氣_20T_,-0.0013065035347610242,0.9295510873195683,No,0.9135555012083775
對面廠房浪紙機,電梯,-0.0828942777344226,0.8434672002977096,No,0.9135555012083775
對面廠房浪紙機,對面廠房鍋爐,-0.6258059290178628,0.7383471731722862,No,0.9135555012083775
對面廠房浪紙機,對面廠房軋紙機,1.7321004934966218,6.5634756823186426e-52,Yes,0.9135555012083775
對面廠房浪紙機,五色印刷機,0.01372929477590168,0.14112267572744122,No,0.9135555012083775
對面廠房浪紙機,空壓機_2_,0.21095195040296374,1.1421411155676501e-06,Yes,0.9135555012083775
對面廠房浪紙機,水箱印刷冷卻機,-0.02425109048423433,0.5317902451779492,No,0.9135555012083775
對面廠房浪紙機,成形機2台,0.004706438097364559,0.882737640097816,No,0.9135555012083775
對面廠房浪紙機,覆膜機兩台,-0.233696001206823,9.677958342550956e-15,Yes,0.9135555012083775
對面廠房浪紙機,自動軋紙機2,0.07453009275658282,0.002222124043737225,Yes,0.9135555012083775
對面廠房浪紙機,自動軋紙機3,-0.16615464647139766,0.005767141878961676,Yes,0.9135555012083775
對面廠房浪紙機,隔壁間冷氣,0.015891951795035858,0.8344661484255287,No,0.9135555012083775
對面廠房浪紙機,裁紙機,0.1349992049161374,0.52808001450303,No,0.9135555012083775
對面廠房浪紙機,UV_IR機,-0.038659658377207425,0.00859105225834301,Yes,0.9135555012083775
對面廠房浪紙機,六色印刷機,0.012276090897392572,0.16182821313997736,No,0.9135555012083775
對面廠房浪紙機,冷氣機2台__第一台_,0.09548419956381338,0.014367448021680725,Yes,0.9135555012083775
對面廠房浪紙機,冷氣機2台__第二台_,-0.037335416643361645,0.17202128895298874,No,0.9135555012083775
對面廠房浪紙機,T_10T冷氣機,-0.011971043852632271,0.7790558247263057,No,0.9135555012083775
對面廠房浪紙機,四色機,0.0005498743701465043,0.9526039680440243,No,0.9135555012083775
五色印刷機,空壓機,0.08852805515268862,0.7082839703103639,No,0.9064298553742725
五色印刷機,冷氣_15T_,-0.00671830220277303,0.9707618717303939,No,0.9064298553742725
五色印刷機,冷氣_20T_,-0.2174175435427598,0.04239307326577233,Yes,0.9064298553742725
五色印刷機,電梯,1.3657448525776434,0.6550495870160024,No,0.9064298553742725
五色印刷機,對面廠房鍋爐,-5.2131667007578315,0.7024061368846244,No,0.9064298553742725
五色印刷機,對面廠房軋紙機,-2.6897182835750164,0.010662502915410686,Yes,0.9064298553742725
五色印刷機,對面廠房浪紙機,0.7283083730480177,0.1411226757274494,No,0.9064298553742725
五色印刷機,空壓機_2_,0.8635224398602105,0.007289315607065026,Yes,0.9064298553742725
五色印刷機,水箱印刷冷卻機,0.5009158555945041,0.075245448711569,No,0.9064298553742725
五色印刷機,成形機2台,0.03605422640522865,0.8767113085776469,No,0.9064298553742725
五色印刷機,覆膜機兩台,0.2955765642383231,0.20816583829503302,No,0.9064298553742725
五色印刷機,自動軋紙機2,0.2533192183152281,0.15696313699044462,No,0.9064298553742725
五色印刷機,自動軋紙機3,0.014561113635539025,0.9737333090684919,No,0.9064298553742725
五色印刷機,隔壁間冷氣,-1.040071142724958,0.059367267524129644,No,0.9064298553742725
五色印刷機,裁紙機,-1.945764655602991,0.211204816903988,No,0.9064298553742725
五色印刷機,UV_IR機,0.7349434048919243,5.193076728303709e-13,Yes,0.9064298553742725
五色印刷機,六色印刷機,-0.17166477007672507,0.006880863709196708,Yes,0.9064298553742725
五色印刷機,冷氣機2台__第一台_,0.21582729564407344,0.45028073053844964,No,0.9064298553742725
五色印刷機,冷氣機2台__第二台_,0.8962655618736728,4.1733336095870774e-06,Yes,0.9064298553742725
五色印刷機,T_10T冷氣機,-1.24757133236617,4.273251008640432e-05,Yes,0.9064298553742725
五色印刷機,四色機,0.15408779721174992,0.021399669145150492,Yes,0.9064298553742725
空壓機_2_,空壓機,0.16566791503135955,0.0007268633271807008,Yes,0.9474200804830077
空壓機_2_,冷氣_15T_,0.08394390699117338,0.028248824536945875,Yes,0.9474200804830077
空壓機_2_,冷氣_20T_,0.03862495889169594,0.08628761183033304,No,0.9474200804830077
空壓機_2_,電梯,1.484796869215871,0.01992504193033773,Yes,0.9474200804830077
空壓機_2_,對面廠房鍋爐,1.0730303137216544,0.7079383729787668,No,0.9474200804830077
空壓機_2_,對面廠房軋紙機,-0.7242163312689313,0.0009960662014069945,Yes,0.9474200804830077
空壓機_2_,對面廠房浪紙機,0.4931341316920171,1.1421411155677368e-06,Yes,0.9474200804830077
空壓機_2_,五色印刷機,0.038052927375439194,0.007289315607065325,Yes,0.9474200804830077
空壓機_2_,水箱印刷冷卻機,0.0864970692044015,0.14384987959732004,No,0.9474200804830077
空壓機_2_,成形機2台,-0.13515596670262175,0.005181995954817825,Yes,0.9474200804830077
空壓機_2_,覆膜機兩台,0.49020539292316834,1.7703574305328505e-30,Yes,0.9474200804830077
空壓機_2_,自動軋紙機2,-0.161092903627746,1.2257213452032111e-05,Yes,0.9474200804830077
空壓機_2_,自動軋紙機3,0.16044393150512726,0.082861522584734,No,0.9474200804830077
空壓機_2_,隔壁間冷氣,0.4541443647586707,6.959564219108827e-05,Yes,0.9474200804830077
空壓機_2_,裁紙機,0.289033785592678,0.37674541440707954,No,0.9474200804830077
空壓機_2_,UV_IR機,0.004347574550349467,0.8479307728120152,No,0.9474200804830077
空壓機_2_,六色印刷機,0.02229999506178968,0.09618105221061465,No,0.9474200804830077
空壓機_2_,冷氣機2台__第一台_,0.045963674883475567,0.44373161322236787,No,0.9474200804830077
空壓機_2_,冷氣機2台__第二台_,-0.12539364338084438,0.0024827084839000356,Yes,0.9474200804830077
空壓機_2_,T_10T冷氣機,0.10757418778068953,0.09812964458721146,No,0.9474200804830077
空壓機_2_,四色機,0.0009123641451041636,0.9485706706442651,No,0.9474200804830077
水箱印刷冷卻機,空壓機,-0.18437866472638884,0.0010651700282807704,Yes,0.8863971259726104
水箱印刷冷卻機,冷氣_15T_,-0.0849612969973514,0.05344054787137518,No,0.8863971259726104
水箱印刷冷卻機,冷氣_20T_,0.0785180489581798,0.0022178112689368603,Yes,0.8863971259726104
水箱印刷冷卻機,電梯,-1.2165613900383576,0.09774396861798786,No,0.8863971259726104
水箱印刷冷卻機,對面廠房鍋爐,-0.5765269782316342,0.8608627322312951,No,0.8863971259726104
水箱印刷冷卻機,對面廠房軋紙機,-0.14245937687917187,0.5774665174052158,No,0.8863971259726104
水箱印刷冷卻機,對面廠房浪紙機,-0.0747427519852896,0.5317902451779601,No,0.8863971259726104
水箱印刷冷卻機,五色印刷機,0.029102849789883953,0.07524544871156684,No,0.8863971259726104
水箱印刷冷卻機,空壓機_2_,0.11404012562152532,0.14384987959732226,No,0.8863971259726104
水箱印刷冷卻機,成形機2台,0.05803587391918215,0.29959264395572516,No,0.8863971259726104
水箱印刷冷卻機,覆膜機兩台,-0.06537024196489473,0.24829456169418593,No,0.8863971259726104
水箱印刷冷卻機,自動軋紙機2,0.08042173213498631,0.06184838627608894,No,0.8863971259726104
水箱印刷冷卻機,自動軋紙機3,0.15025840416993053,0.1576889828150124,No,0.8863971259726104
水箱印刷冷卻機,隔壁間冷氣,0.19049584466914274,0.1526602711122162,No,0.8863971259726104
水箱印刷冷卻機,裁紙機,-0.12159026917677376,0.7462520914403712,No,0.8863971259726104
水箱印刷冷卻機,UV_IR機,0.010645036049895674,0.6825598521298525,No,0.8863971259726104
水箱印刷冷卻機,六色印刷機,0.009777265881660259,0.5263973114495489,No,0.8863971259726104
水箱印刷冷卻機,冷氣機2台__第一台_,-0.17265699814741028,0.01165439972282898,Yes,0.8863971259726104
水箱印刷冷卻機,冷氣機2台__第二台_,0.22022299930243622,2.646800437674109e-06,Yes,0.8863971259726104
水箱印刷冷卻機,T_10T冷氣機,0.32460085015666856,9.339119602271593e-06,Yes,0.8863971259726104
水箱印刷冷卻機,四色機,-0.0006797890890759307,0.9666142025828696,No,0.8863971259726104
成形機2台,空壓機,0.12451883950038421,0.07155013657464329,No,0.4158202188164005
成形機2台,冷氣_15T_,-0.20525453104428237,0.00010123822957699599,Yes,0.4158202188164005
成形機2台,冷氣_20T_,0.031357005267324045,0.3197005768365908,No,0.4158202188164005
成形機2台,電梯,2.614369502948364,0.0032143498621441213,Yes,0.4158202188164005
成形機2台,對面廠房鍋爐,17.077311032879894,1.2767187820938437e-05,Yes,0.4158202188164005
成形機2台,對面廠房軋紙機,-0.36085109321827424,0.2453066140929815,No,0.4158202188164005
成形機2台,對面廠房浪紙機,0.02144960865516203,0.8827376400978459,No,0.4158202188164005
成形機2台,五色印刷機,0.003097534344888928,0.8767113085776419,No,0.4158202188164005
成形機2台,空壓機_2_,-0.2635000655501421,0.005181995954817322,Yes,0.4158202188164005
成形機2台,水箱印刷冷卻機,0.08581945226586953,0.2995926439557293,No,0.4158202188164005
成形機2台,覆膜機兩台,0.2530093060599241,0.00019282830977903625,Yes,0.4158202188164005
成形機2台,自動軋紙機2,-0.06888408247767103,0.18930342116942897,No,0.4158202188164005
成形機2台,自動軋紙機3,-0.20045532050349435,0.12095696240783979,No,0.4158202188164005
成形機2台,隔壁間冷氣,0.6137690660383573,0.00012031296683036991,Yes,0.4158202188164005
成形機2台,裁紙機,0.22665166122473784,0.61981888264693,No,0.4158202188164005
成形機2台,UV_IR機,-0.006946219380311425,0.8263171433708258,No,0.4158202188164005
成形機2台,六色印刷機,0.012984742928826672,0.48897612234335763,No,0.4158202188164005
成形機2台,冷氣機2台__第一台_,0.007276585888595661,0.9308456255973071,No,0.4158202188164005
成形機2台,冷氣機2台__第二台_,0.030681960074432683,0.5997462357291934,No,0.4158202188164005
成形機2台,T_10T冷氣機,0.1185870345935746,0.19214042204094828,No,0.4158202188164005
成形機2台,四色機,-0.021426927490587333,0.27730922120351215,No,0.4158202188164005
覆膜機兩台,空壓機,-0.18235735883991702,0.007279463437310319,Yes,0.9230236049612149
覆膜機兩台,冷氣_15T_,0.10968339512106634,0.03779380468239117,Yes,0.9230236049612149
覆膜機兩台,冷氣_20T_,-0.08975644463696729,0.0036321704402766594,Yes,0.9230236049612149
覆膜機兩台,電梯,-0.7565589301794952,0.3923947161422534,No,0.9230236049612149
覆膜機兩台,對面廠房鍋爐,-5.374181964468603,0.17286181876633233,No,0.9230236049612149
覆膜機兩台,對面廠房軋紙機,1.68659729530214,1.221749025456682e-08,Yes,0.9230236049612149
覆膜機兩台,對面廠房浪紙機,-1.0392659492229421,9.677958342548478e-15,Yes,0.9230236049612149
覆膜機兩台,五色印刷機,0.02477868988774442,0.20816583829504087,No,0.9230236049612149
覆膜機兩台,空壓機_2_,0.9325496944000811,1.7703574305324203e-30,Yes,0.9230236049612149
覆膜機兩台,水箱印刷冷卻機,-0.0943230199634672,0.2482945616941857,No,0.9230236049612149
覆膜機兩台,成形機2台,0.24687942111530217,0.00019282830977901868,Yes,0.9230236049612149
覆膜機兩台,自動軋紙機2,0.23409599316731963,3.8567819135298776e-06,Yes,0.9230236049612149
覆膜機兩台,自動軋紙機3,-0.26149441066712403,0.04014726404755032,Yes,0.9230236049612149
覆膜機兩台,隔壁間冷氣,-0.5832762604894485,0.00022014196980521363,Yes,0.9230236049612149
覆膜機兩台,裁紙機,-0.06770764952521613,0.8807711337260213,No,0.9230236049612149
覆膜機兩台,UV_IR機,-0.028610836512887816,0.3597758493320906,No,0.9230236049612149
覆膜機兩台,六色印刷機,0.01722158962510022,0.3526548474808546,No,0.9230236049612149
覆膜機兩台,冷氣機2台__第一台_,0.13342297521157054,0.1061567083737243,No,0.9230236049612149
覆膜機兩台,冷氣機2台__第二台_,-0.028304684849270824,0.6240920205772671,No,0.9230236049612149
覆膜機兩台,T_10T冷氣機,-0.18424075441766372,0.03964901871341252,Yes,0.9230236049612149
覆膜機兩台,四色機,0.0008668448975945112,0.9645599619210018,No,0.9230236049612149
自動軋紙機2,空壓機,1.0165261390590103,3.843033721919767e-44,Yes,0.9824822118443557
自動軋紙機2,冷氣_15T_,0.053156087091725424,0.44472573246110814,No,0.9824822118443557
自動軋紙機2,冷氣_20T_,0.20836950492489228,1.417442272563703e-07,Yes,0.9824822118443557
自動軋紙機2,電梯,2.6938961734534144,0.019551065626481234,Yes,0.9824822118443557
自動軋紙機2,對面廠房鍋爐,3.8256876301641114,0.460064672570639,No,0.9824822118443557
自動軋紙機2,對面廠房軋紙機,-0.23241633678778006,0.5639792018371683,No,0.9824822118443557
自動軋紙機2,對面廠房浪紙機,0.570072037274699,0.0022221240437373924,Yes,0.9824822118443557
自動軋紙機2,五色印刷機,0.03652575007384007,0.15696313699043948,No,0.9824822118443557
自動軋紙機2,空壓機_2_,-0.527099942727824,1.2257213452034071e-05,Yes,0.9824822118443557
自動軋紙機2,水箱印刷冷卻機,0.19958766054700583,0.06184838627609217,No,0.9824822118443557
自動軋紙機2,成形機2台,-0.11560854440044323,0.18930342116942545,No,0.9824822118443557
自動軋紙機2,覆膜機兩台,0.40263974323197693,3.856781913529677e-06,Yes,0.9824822118443557
自動軋紙機2,自動軋紙機3,1.0862879805825716,9.032757236935116e-12,Yes,0.9824822118443557
自動軋紙機2,隔壁間冷氣,1.693210303791808,1.6307371793965737e-18,Yes,0.9824822118443557
自動軋紙機2,裁紙機,1.499981825366488,0.010685643575427025,Yes,0.9824822118443557
自動軋紙機2,UV_IR機,-0.07150737022036477,0.08016243685488417,No,0.9824822118443557
自動軋紙機2,六色印刷機,0.03749474779278528,0.12217230077917328,No,0.9824822118443557
自動軋紙機2,冷氣機2台__第一台_,-0.08387332670725534,0.4397302542832945,No,0.9824822118443557
自動軋紙機2,冷氣機2台__第二台_,-0.021179865490450256,0.7798173713802248,No,0.9824822118443557
自動軋紙機2,T_10T冷氣機,0.07338746557372172,0.5338801232453643,No,0.9824822118443557
自動軋紙機2,四色機,0.06696700469512781,0.008327918693755067,Yes,0.9824822118443557
自動軋紙機3,空壓機,-0.03537678705436993,0.33126072661096306,No,0.8514663049670206
自動軋紙機3,冷氣_15T_,-0.0029388186758335585,0.9170995704264069,No,0.8514663049670206
自動軋紙機3,冷氣_20T_,0.04242591078931024,0.009917202390302655,Yes,0.8514663049670206
自動軋紙機3,電梯,1.437867117994612,0.0020245720332749432,Yes,0.8514663049670206
自動軋紙機3,對面廠房鍋爐,-0.8151436888717893,0.6981306130090712,No,0.8514663049670206
自動軋紙機3,對面廠房軋紙機,0.2348256257517321,0.1498999175763437,No,0.8514663049670206
自動軋紙機3,對面廠房浪紙機,-0.20913580149755145,0.005767141878961296,Yes,0.8514663049670206
自動軋紙機3,五色印刷機,0.00034549630918045277,0.9737333090684854,No,0.8514663049670206
自動軋紙機3,空壓機_2_,0.08638884588969893,0.08286152258473668,No,0.8514663049670206
自動軋紙機3,水箱印刷冷卻機,0.061364451151809364,0.15768898281501523,No,0.8514663049670206
自動軋紙機3,成形機2台,-0.055361322999206146,0.12095696240783155,No,0.8514663049670206
自動軋紙機3,覆膜機兩台,-0.07401212742065272,0.04014726404754996,Yes,0.8514663049670206
自動軋紙機3,自動軋紙機2,0.17875689052234323,9.032757236934952e-12,Yes,0.8514663049670206
自動軋紙機3,隔壁間冷氣,-0.45036031128840937,4.7035032546062415e-08,Yes,0.8514663049670206
自動軋紙機3,裁紙機,-0.3073703839489954,0.1997388618122743,No,0.8514663049670206
自動軋紙機3,UV_IR機,-0.00242005307067452,0.8843435724154439,No,0.8514663049670206
自動軋紙機3,六色印刷機,0.006655606751725045,0.4997629978578967,No,0.8514663049670206
自動軋紙機3,冷氣機2台__第一台_,-0.038857982086295775,0.3774443310724712,No,0.8514663049670206
自動軋紙機3,冷氣機2台__第二台_,-0.011584429533785905,0.7062033724728076,No,0.8514663049670206
自動軋紙機3,T_10T冷氣機,-0.09366599552691754,0.04939166425904163,Yes,0.8514663049670206
自動軋紙機3,四色機,-0.019951175870298783,0.053540072474613794,No,0.8514663049670206
隔壁間冷氣,空壓機,-0.09405010550815579,0.0010683068886149323,Yes,0.895057477595317
隔壁間冷氣,冷氣_15T_,0.06708186407542055,0.0026372941379299683,Yes,0.895057477595317
隔壁間冷氣,冷氣_20T_,-0.038604210153152754,0.003221173428786859,Yes,0.895057477595317
隔壁間冷氣,電梯,-0.6812088623355904,0.06899260691901822,No,0.895057477595317
隔壁間冷氣,對面廠房鍋爐,-1.4371558124698804,0.3914183163098691,No,0.895057477595317
隔壁間冷氣,對面廠房軋紙機,0.25879494488534055,0.04637899512981491,Yes,0.895057477595317
隔壁間冷氣,對面廠房浪紙機,0.012750508848877379,0.8344661484255154,No,0.895057477595317
隔壁間冷氣,五色印刷機,-0.01573063490577832,0.05936726752413513,No,0.895057477595317
隔壁間冷氣,空壓機_2_,0.15587005545923147,6.95956421910888e-05,Yes,0.895057477595317
隔壁間冷氣,水箱印刷冷卻機,0.049590441232005435,0.1526602711122171,No,0.895057477595317
隔壁間冷氣,成形機2台,0.10805086602468503,0.00012031296683035142,Yes,0.895057477595317
隔壁間冷氣,覆膜機兩台,-0.10523232404476837,0.00022014196980520278,Yes,0.895057477595317
隔壁間冷氣,自動軋紙機2,0.1776082370563753,1.6307371793964333e-18,Yes,0.895057477595317
隔壁間冷氣,自動軋紙機3,-0.2870744187815755,4.703503254606293e-08,Yes,0.895057477595317
隔壁間冷氣,裁紙機,-0.26437665607961913,0.16701310810873185,No,0.895057477595317
隔壁間冷氣,UV_IR機,0.01882522560435003,0.15544152241468728,No,0.895057477595317
隔壁間冷氣,六色印刷機,-0.00886346278334924,0.25985204894885205,No,0.895057477595317
隔壁間冷氣,冷氣機2台__第一台_,0.04539046641440449,0.19612523519384903,No,0.895057477595317
隔壁間冷氣,冷氣機2台__第二台_,-0.04178965180555286,0.08750318309866228,No,0.895057477595317
隔壁間冷氣,T_10T冷氣機,-0.0749322848376498,0.04893349694315593,Yes,0.895057477595317
隔壁間冷氣,四色機,0.012124513718813483,0.14243592906190816,No,0.895057477595317
裁紙機,空壓機,-0.010838508614793954,0.2938904293934002,No,0.5094116525331138
裁紙機,冷氣_15T_,-0.004659040148846914,0.5605734724752172,No,0.5094116525331138
裁紙機,冷氣_20T_,-0.006556474898123292,0.16230638892466762,No,0.5094116525331138
裁紙機,電梯,0.30619782665571504,0.02110411475473762,Yes,0.5094116525331138
裁紙機,對面廠房鍋爐,-0.4860644241935325,0.41459290688161365,No,0.5094116525331138
裁紙機,對面廠房軋紙機,-0.031295666689180254,0.4995032939124847,No,0.5094116525331138
裁紙機,對面廠房浪紙機,0.01367082442030853,0.5280800145030231,No,0.5094116525331138
裁紙機,五色印刷機,-0.003714383418199169,0.21120481690399237,No,0.5094116525331138
裁紙機,空壓機_2_,0.01252075703724844,0.37674541440707465,No,0.5094116525331138
裁紙機,水箱印刷冷卻機,-0.003995071004808677,0.7462520914403723,No,0.5094116525331138
裁紙機,成形機2台,0.005036111991940261,0.6198188826469377,No,0.5094116525331138
裁紙機,覆膜機兩台,-0.0015417920974691744,0.8807711337260148,No,0.5094116525331138
裁紙機,自動軋紙機2,0.019858727414580758,0.010685643575427053,Yes,0.5094116525331138
裁紙機,自動軋紙機3,-0.024729174551473797,0.19973886181227354,No,0.5094116525331138
裁紙機,隔壁間冷氣,-0.03336847215688018,0.1670131081087316,No,0.5094116525331138
裁紙機,UV_IR機,0.010226339720411263,0.029331107351563964,Yes,0.5094116525331138
裁紙機,六色印刷機,-0.004458374636107606,0.11011710077545352,No,0.5094116525331138
裁紙機,冷氣機2台__第一台_,-0.0005388140658702176,0.9656149101108928,No,0.5094116525331138
裁紙機,冷氣機2台__第二台_,0.023413403519079383,0.006759098036285143,Yes,0.5094116525331138
裁紙機,T_10T冷氣機,-0.02003870567992138,0.13904026340189315,No,0.5094116525331138
裁紙機,四色機,0.0005651172619494664,0.8477711243149069,No,0.5094116525331138
UV_IR機,空壓機,0.1956873660913575,0.1889267794735987,No,0.9454871746436183
UV_IR機,冷氣_15T_,0.024022061385812865,0.8353816915706012,No,0.9454871746436183
UV_IR機,冷氣_20T_,0.12725741708181895,0.05979209881511542,No,0.9454871746436183
UV_IR機,電梯,-1.549571170814331,0.4213328832733474,No,0.9454871746436183
UV_IR機,對面廠房鍋爐,4.032371787486072,0.6393417151406666,No,0.9454871746436183
UV_IR機,對面廠房軋紙機,1.5068709449945628,0.023536250973067874,Yes,0.9454871746436183
UV_IR機,對面廠房浪紙機,-0.815779338702493,0.008591052258341836,Yes,0.9454871746436183
UV_IR機,五色印刷機,0.29234893331519407,5.193076728303277e-13,Yes,0.9454871746436183
UV_IR機,空壓機_2_,0.03924462738142792,0.8479307728120014,No,0.9454871746436183
UV_IR機,水箱印刷冷卻機,0.07288262631961837,0.6825598521298619,No,0.9454871746436183
UV_IR機,成形機2台,-0.03216149016286457,0.8263171433708194,No,0.9454871746436183
UV_IR機,覆膜機兩台,-0.1357593745426514,0.35977584933209206,No,0.9454871746436183
UV_IR機,自動軋紙機2,-0.19727289555995084,0.08016243685488694,No,0.9454871746436183
UV_IR機,自動軋紙機3,-0.04057174482243864,0.8843435724154098,No,0.9454871746436183
UV_IR機,隔壁間冷氣,0.4951133097902576,0.15544152241468903,No,0.9454871746436183
UV_IR機,裁紙機,2.1309409284475156,0.02933110735156481,Yes,0.9454871746436183
UV_IR機,六色印刷機,0.4175382382822944,6.07056027277159e-34,Yes,0.9454871746436183
UV_IR機,冷氣機2台__第一台_,0.2714445939745208,0.1314436334827457,No,0.9454871746436183
UV_IR機,冷氣機2台__第二台_,-0.29589882841100645,0.017956424498838636,Yes,0.9454871746436183
UV_IR機,T_10T冷氣機,-0.1650384911013708,0.39944974066414884,No,0.9454871746436183
UV_IR機,四色機,0.1322995531948548,0.0016383268052440447,Yes,0.9454871746436183
六色印刷機,空壓機,-0.41324307826152706,0.09948964313051459,No,0.9442094133514721
六色印刷機,冷氣_15T_,0.1948660426727178,0.316877085157566,No,0.9442094133514721
六色印刷機,冷氣_20T_,-0.2533652985794363,0.025990644844965927,Yes,0.9442094133514721
六色印刷機,電梯,10.777296585646377,0.0007852737229853722,Yes,0.9442094133514721
六色印刷機,對面廠房鍋爐,5.229081849360538,0.7185601386100203,No,0.9442094133514721
六色印刷機,對面廠房軋紙機,-1.8622959946579676,0.09785143747708203,No,0.9442094133514721
六色印刷機,對面廠房浪紙機,0.7364174626363409,0.16182821313999204,No,0.9442094133514721
六色印刷機,五色印刷機,-0.19412348789290299,0.006880863709196427,Yes,0.9442094133514721
六色印刷機,空壓機_2_,0.5722518852672679,0.09618105221061665,No,0.9442094133514721
六色印刷機,水箱印刷冷卻機,0.19030210672366182,0.5263973114495244,No,0.9442094133514721
六色印刷機,成形機2台,0.17091111865048925,0.48897612234341925,No,0.9442094133514721
六色印刷機,覆膜機兩台,0.2323067355902999,0.3526548474808556,No,0.9442094133514721
六色印刷機,自動軋紙機2,0.2940602637621096,0.12217230077917376,No,0.9442094133514721
六色印刷機,自動軋紙機3,0.3172018723331813,0.49976299785787526,No,0.9442094133514721
六色印刷機,隔壁間冷氣,-0.6627002438934052,0.2598520489488315,No,0.9442094133514721
六色印刷機,裁紙機,-2.641052579140723,0.11011710077545506,No,0.9442094133514721
六色印刷機,UV_IR機,1.186985865980561,6.070560272771851e-34,Yes,0.9442094133514721
六色印刷機,冷氣機2台__第一台_,-0.802290913408301,0.007838483917366136,Yes,0.9442094133514721
六色印刷機,冷氣機2台__第二台_,-0.17962422696122532,0.39686676092025786,No,0.9442094133514721
六色印刷機,T_10T冷氣機,1.6241147185539773,4.179287843761786e-07,Yes,0.9442094133514721
六色印刷機,四色機,-0.18647192515669345,0.008710600787454417,Yes,0.9442094133514721
冷氣機2台__第一台_,空壓機,0.02119022774050759,0.7068343259128276,No,0.8886404371029476
冷氣機2台__第一台_,冷氣_15T_,-0.017712522685117037,0.6848214364353706,No,0.8886404371029476
冷氣機2台__第一台_,冷氣_20T_,0.077304859000176,0.0022976393110649123,Yes,0.8886404371029476
冷氣機2台__第一台_,電梯,-1.8311159322465729,0.011288069899555837,Yes,0.8886404371029476
冷氣機2台__第一台_,對面廠房鍋爐,2.0545551304410674,0.5270288149803125,No,0.8886404371029476
冷氣機2台__第一台_,對面廠房軋紙機,0.05742602391911433,0.8202314707344254,No,0.8886404371029476
冷氣機2台__第一台_,對面廠房浪紙機,0.28720767232066724,0.014367448021680553,Yes,0.8886404371029476
冷氣機2台__第一台_,五色印刷機,0.012237813241097443,0.4502807305384623,No,0.8886404371029476
冷氣機2台__第一台_,空壓機_2_,0.05914223762670173,0.44373161322236854,No,0.8886404371029476
冷氣機2台__第一台_,水箱印刷冷卻機,-0.16850426553025238,0.011654399722829232,Yes,0.8886404371029476
冷氣機2台__第一台_,成形機2台,0.004802475558514749,0.9308456255973548,No,0.8886404371029476
冷氣機2台__第一台_,覆膜機兩台,0.09024428933763676,0.10615670837372813,No,0.8886404371029476
冷氣機2台__第一台_,自動軋紙機2,-0.03298301234485193,0.43973025428329315,No,0.8886404371029476
冷氣機2台__第一台_,自動軋紙機3,-0.09286004179525947,0.3774443310724682,No,0.8886404371029476
冷氣機2台__第一台_,隔壁間冷氣,0.17016839116945648,0.1961252351938508,No,0.8886404371029476
冷氣機2台__第一台_,裁紙機,-0.016004420562259425,0.9656149101108851,No,0.8886404371029476
冷氣機2台__第一台_,UV_IR機,0.03869287786557163,0.1314436334827474,No,0.8886404371029476
冷氣機2台__第一台_,六色印刷機,-0.04022836816301103,0.007838483917365363,Yes,0.8886404371029476
冷氣機2台__第一台_,冷氣機2台__第二台_,0.27451543270831724,1.7192545934152888e-09,Yes,0.8886404371029476
冷氣機2台__第一台_,T_10T冷氣機,0.31044403753624933,1.8335969250868022e-05,Yes,0.8886404371029476
冷氣機2台__第一台_,四色機,-0.00013480600442578212,0.9932964589111629,No,0.8886404371029476
冷氣機2台__第二台_,空壓機,-0.00042477885970014506,0.9958047314531349,No,0.9283696833432297
冷氣機2台__第二台_,冷氣_15T_,0.29352291913777634,1.4528392598889315e-06,Yes,0.9283696833432297
冷氣機2台__第二台_,冷氣_20T_,0.03336811294658862,0.3633649626171638,No,0.9283696833432297
冷氣機2台__第二台_,電梯,3.352846086737973,0.0011482893271546723,Yes,0.9283696833432297
冷氣機2台__第二台_,對面廠房鍋爐,-3.345655259585638,0.4724099925014813,No,0.9283696833432297
冷氣機2台__第二台_,對面廠房軋紙機,0.43293793437070105,0.2313423914117121,No,0.9283696833432297
冷氣機2台__第二台_,對面廠房浪紙機,-0.2308268506831268,0.17202128895298108,No,0.9283696833432297
冷氣機2台__第二台_,五色印刷機,0.10445637741468544,4.173333609586815e-06,Yes,0.9283696833432297
冷氣機2台__第二台_,空壓機_2_,-0.33163421264094217,0.0024827084838999905,Yes,0.9283696833432297
冷氣機2台__第二台_,水箱印刷冷卻機,0.4417638609617853,2.646800437674301e-06,Yes,0.9283696833432297
冷氣機2台__第二台_,成形機2台,0.04162185217809805,0.5997462357291454,No,0.9283696833432297
冷氣機2台__第二台_,覆膜機兩台,-0.03935031659126209,0.62409202057724,No,0.9283696833432297
冷氣機2台__第二台_,自動軋紙機2,-0.017119475098170023,0.7798173713802121,No,0.9283696833432297
冷氣機2台__第二台_,自動軋紙機3,-0.056901548047280315,0.7062033724728077,No,0.9283696833432297
冷氣機2台__第二台_,隔壁間冷氣,-0.32202070665494054,0.08750318309865972,No,0.9283696833432297
冷氣機2台__第二台_,裁紙機,1.4294414762373902,0.006759098036284731,Yes,0.9283696833432297
冷氣機2台__第二台_,UV_IR機,-0.08669496586812679,0.01795642449883893,Yes,0.9283696833432297
冷氣機2台__第二台_,六色印刷機,-0.018512550374071714,0.3968667609202472,No,0.9283696833432297
冷氣機2台__第二台_,冷氣機2台__第一台_,0.564244797249028,1.7192545934152766e-09,Yes,0.9283696833432297
冷氣機2台__第二台_,T_10T冷氣機,0.4575800507741709,1.0330880442405623e-05,Yes,0.9283696833432297
冷氣機2台__第二台_,四色機,-0.01936015789692514,0.399610015234369,No,0.9283696833432297
T_10T冷氣機,空壓機,0.04911015057087204,0.343192545913501,No,0.9350548224716386
T_10T冷氣機,冷氣_15T_,0.14311231806434682,0.00029848058157360346,Yes,0.9350548224716386
T_10T冷氣機,冷氣_20T_,0.01858705716896248,0.4304111592274502,No,0.9350548224716386
T_10T冷氣機,電梯,-1.0066787723665658,0.13204014028372854,No,0.9350548224716386
T_10T冷氣機,對面廠房鍋爐,-3.7980494926552297,0.20328851923520455,No,0.9350548224716386
T_10T冷氣機,對面廠房軋紙機,0.05961444305416708,0.7977108515677862,No,0.9350548224716386
T_10T冷氣機,對面廠房浪紙機,-0.030504205426639813,0.7790558247262811,No,0.9350548224716386
T_10T冷氣機,五色印刷機,-0.05992747904283424,4.27325100864091e-05,Yes,0.9350548224716386
T_10T冷氣機,空壓機_2_,0.11726117814598469,0.09812964458721038,No,0.9350548224716386
T_10T冷氣機,水箱印刷冷卻機,0.2683734418322237,9.339119602271626e-06,Yes,0.9350548224716386
T_10T冷氣機,成形機2台,0.06630371801108349,0.19214042204094475,No,0.9350548224716386
T_10T冷氣機,覆膜機兩台,-0.10556938256859538,0.03964901871341232,Yes,0.9350548224716386
T_10T冷氣機,自動軋紙機2,0.024448459973166928,0.5338801232453738,No,0.9350548224716386
T_10T冷氣機,自動軋紙機3,-0.18962419680120604,0.04939166425904035,Yes,0.9350548224716386
T_10T冷氣機,隔壁間冷氣,-0.2379832508130409,0.04893349694315665,Yes,0.9350548224716386
T_10T冷氣機,裁紙機,-0.5042360209616359,0.139040263401892,No,0.9350548224716386
T_10T冷氣機,UV_IR機,-0.019929584749381227,0.3994497406641556,No,0.9350548224716386
T_10T冷氣機,六色印刷機,0.0689890896989376,4.179287843763293e-07,Yes,0.9350548224716386
T_10T冷氣機,冷氣機2台__第一台_,0.2629943950565464,1.8335969250869015e-05,Yes,0.9350548224716386
T_10T冷氣機,冷氣機2台__第二台_,0.18859468678448713,1.0330880442406047e-05,Yes,0.9350548224716386
T_10T冷氣機,四色機,0.025214297553825277,0.08667947356613732,No,0.9350548224716386
四色機,空壓機,-0.4502770198271898,0.05876427096753509,No,0.7791266944415614
四色機,冷氣_15T_,0.037188407286338654,0.8409358786337368,No,0.7791266944415614
四色機,冷氣_20T_,-0.04087465609331749,0.7071392093126133,No,0.7791266944415614
四色機,電梯,5.033744593057649,0.10237706140932229,No,0.7791266944415614
四色機,對面廠房鍋爐,2.4503975396198605,0.8590217867419212,No,0.7791266944415614
四色機,對面廠房軋紙機,-0.5820653418415236,0.5873463443745047,No,0.7791266944415614
四色機,對面廠房浪紙機,0.029812586901132865,0.9526039680440781,No,0.7791266944415614
四色機,五色印刷機,0.15748433404247475,0.021399669145149867,Yes,0.7791266944415614
四色機,空壓機_2_,0.02116035146104689,0.9485706706442715,No,0.7791266944415614
四色機,水箱印刷冷卻機,-0.011958385848531511,0.9666142025828681,No,0.7791266944415614
四色機,成形機2台,-0.2548995464268238,0.27730922120349333,No,0.7791266944415614
四色機,覆膜機兩台,0.010568227775873573,0.9645599619210299,No,0.7791266944415614
四色機,自動軋紙機2,0.47467786670054074,0.008327918693754868,Yes,0.7791266944415614
四色機,自動軋紙機3,-0.859387014992828,0.05354007247461761,No,0.7791266944415614
四色機,隔壁間冷氣,0.8193137362336338,0.14243592906190997,No,0.7791266944415614
四色機,裁紙機,0.3025598271142095,0.8477711243149013,No,0.7791266944415614
四色機,UV_IR機,0.3399224689957484,0.0016383268052439783,Yes,0.7791266944415614
四色機,六色印刷機,-0.16853327353386274,0.008710600787454354,Yes,0.7791266944415614
四色機,冷氣機2台__第一台_,-0.0024298580092290134,0.9932964589111798,No,0.7791266944415614
四色機,冷氣機2台__第二台_,-0.16977735202484723,0.399610015234381,No,0.7791266944415614
四色機,T_10T冷氣機,0.5364822569975009,0.08667947356611648,No,0.7791266944415614
