日期,空壓機,冷氣_15T_,冷氣_20T_,電梯,對面廠房鍋爐,對面廠房軋紙機,對面廠房浪紙機,五色印刷機,空壓機_2_,水箱印刷冷卻機,成形機2台,覆膜機兩台,自動軋紙機2,自動軋紙機3,隔壁間冷氣,裁紙機,UV_IR機,六色印刷機,冷氣機2台__第一台_,冷氣機2台__第二台_,T_10T冷氣機,四色機
0.0,208.759,274.189,330.252,9.016,0.0,34.559,77.049,379.544,196.195,157.284,0.008,25.501,599.493,52.245,92.656,3.799,528.896,904.172,117.008,185.407,206.5,421.871
0.0,213.653,271.149,332.139,10.643,0.0,18.084,61.445,368.315,174.88,146.063,0.011,35.34,622.555,79.2,95.195,8.544,508.936,832.349,115.831,179.916,183.376,365.74
0.0,228.415,195.147,335.221,9.519,0.0,34.231,84.521,297.435,148.931,116.428,0.048,31.211,640.339,79.12,102.697,4.14,352.24,605.639,130.687,200.389,146.852,486.361
0.0,244.799,221.115,323.867,10.169,0.0,59.38,124.364,560.664,161.199,109.749,0.027,34.256,655.0,66.287,109.876,13.472,398.652,627.073,124.885,267.24,145.347,426.639
0.0,242.092,221.284,344.175,8.072,0.0,26.597,123.245,704.688,167.511,127.34,0.037,30.779,594.944,43.812,77.173,7.3,492.452,608.292,150.709,246.308,157.803,446.907
0.0,134.403,125.763,248.081,2.105,0.0,2.924,10.505,53.773,107.788,91.601,0.037,11.052,267.24,47.367,29.976,1.153,285.803,610.461,0.0,0.0,113.512,192.905
0.0,0.0,1.732,0.501,0.956,0.0,2.892,0.0,53.417,0.0,0.0,0.0,0.0,0.011,0.0,0.0,0.0,80.367,72.535,0.0,0.0,0.0,193.447
0.0,229.525,266.924,337.705,6.885,0.0,15.651,125.811,506.229,170.715,128.533,0.06,26.82,608.525,51.211,76.143,4.377,472.84,850.483,133.559,215.805,183.425,465.757
0.0,205.483,269.024,247.185,6.853,0.0,30.853,125.359,578.316,167.629,127.624,4.073,21.04,531.524,26.156,78.917,5.0,382.476,666.892,133.347,207.977,165.459,400.881
0.0,187.179,255.541,250.455,9.948,0.0,18.8,124.161,393.012,151.203,112.775,0.028,21.095,531.041,39.797,89.261,13.005,272.497,532.852,115.731,181.956,155.048,430.667
0.0,199.261,243.483,333.605,8.345,0.0,43.789,135.867,461.548,159.991,124.257,0.007,28.096,577.404,56.857,79.297,8.515,396.896,731.344,113.415,183.388,166.345,318.917
0.0,212.503,179.387,338.612,6.271,0.0,52.097,130.725,333.865,104.185,117.639,0.085,27.155,614.079,81.087,79.303,1.935,130.621,104.609,119.812,189.981,2.121,382.163
0.0,40.399,1.257,76.087,0.996,0.0,0.0,0.0,50.913,0.0,0.0,0.0,0.441,47.095,0.0,0.0,0.0,80.143,72.651,0.0,0.0,0.0,188.131
0.0,0.0,1.088,1.169,0.952,0.0,0.0,0.0,51.747,0.0,0.0,0.0,0.0,0.0,0.0,0.0,0.0,81.832,74.161,0.0,0.0,0.0,195.445
0.0,198.295,224.28,324.775,8.537,0.0,43.565,106.948,419.973,112.497,58.189,0.08,119.993,577.209,59.613,69.063,12.595,174.821,144.615,107.433,184.232,90.716,575.061
0.0,204.204,281.22,347.811,10.891,0.0,45.367,94.444,469.325,158.553,105.621,0.0,174.101,541.58,69.277,62.479,5.165,430.693,566.116,107.801,181.397,161.849,522.631
0.0,226.16,266.387,348.42,13.259,0.0,55.228,126.247,443.201,147.36,105.324,0.0,163.436,640.741,81.815,79.671,4.148,340.56,648.176,120.644,184.316,148.887,549.199
0.0,215.855,268.264,249.549,7.78,0.0,60.605,127.589,615.331,152.324,102.3,0.084,173.061,576.98,30.089,81.396,6.728,400.013,577.485,131.611,209.777,134.929,485.712
0.0,205.871,255.988,251.701,7.655,0.0,32.984,90.844,466.224,151.351,114.687,0.025,165.111,575.123,51.955,82.168,8.235,382.312,672.131,129.06,207.144,148.136,434.759
0.0,64.172,1.029,0.001,0.98,0.0,2.693,42.871,59.052,0.0,0.0,0.0,0.0,70.777,0.0,0.0,0.0,87.204,83.853,0.0,0.0,0.0,211.472
0.0,0.0,1.209,0.0,1.021,0.0,0.0,0.0,60.457,0.0,0.0,0.0,0.0,0.0,0.0,0.0,0.0,88.055,84.615,0.0,0.0,0.0,215.169
0.0,204.44,270.573,250.704,6.46,0.0,35.221,115.308,375.585,143.993,114.596,4.685,163.0,601.825,55.407,87.805,9.461,339.616,753.205,114.94,194.899,156.465,444.777
0.0,213.313,260.369,247.897,7.496,0.0,35.403,82.544,478.652,154.233,125.52,21.349,166.725,593.721,43.532,94.619,3.316,411.793,757.239,124.124,194.827,169.355,343.789
0.0,218.044,288.329,349.956,9.185,0.0,67.224,118.943,388.629,178.207,102.139,29.329,187.943,647.22,74.756,96.177,8.068,373.023,775.145,115.792,193.524,199.829,367.947
0.0,201.607,274.851,348.899,6.959,0.0,39.721,116.807,384.121,171.103,119.289,11.167,184.355,604.751,65.308,88.021,10.495,353.313,801.408,134.967,198.131,183.819,320.241
0.0,206.139,242.04,249.809,7.728,0.0,53.464,121.513,315.651,132.499,111.032,14.476,150.76,596.183,31.239,89.341,14.483,337.493,640.843,132.617,207.309,144.751,284.705
0.0,0.0,1.419,0.0,1.241,0.0,0.0,0.0,52.105,0.0,0.0,0.0,0.0,1.912,1.488,0.0,0.0,82.472,74.433,0.0,0.0,0.0,192.563
0.0,0.0,1.493,0.0,1.267,0.0,0.0,0.0,53.731,0.0,0.0,0.0,0.0,0.0,0.0,0.0,0.0,83.463,74.861,0.001,0.0,0.0,197.927
0.0,214.167,252.091,246.772,12.087,0.0,55.176,84.22,552.855,151.651,122.524,8.325,172.239,613.532,50.321,85.503,6.445,422.301,590.765,132.72,207.685,148.288,391.353
0.0,207.425,321.711,264.111,6.475,0.0,32.772,85.375,528.185,164.261,105.863,10.217,180.207,604.797,68.048,85.017,2.304,357.389,474.147,122.595,197.109,128.555,356.137
0.0,205.084,268.336,249.62,8.62,0.0,32.085,84.951,564.715,174.123,124.619,39.983,192.281,589.135,32.863,87.024,13.777,365.62,428.784,140.867,218.16,152.467,447.571
0.0,204.035,269.98,236.087,5.788,0.0,16.444,77.439,674.103,194.292,155.027,82.392,210.181,614.019,35.444,92.483,9.436,484.203,866.123,171.103,263.484,205.767,379.685
0.0,215.848,219.645,236.023,5.065,0.0,41.591,83.689,535.9,184.216,141.817,70.323,205.476,616.983,28.896,92.732,6.841,475.545,675.776,156.077,236.952,166.421,437.023
0.0,129.46,145.245,0.0,0.001,0.0,0.0,0.0,61.029,72.553,0.0,51.643,70.245,212.212,0.0,39.213,0.0,87.851,97.763,0.0,0.0,0.0,215.433
0.0,0.0,0.041,0.0,0.0,0.0,0.0,0.0,50.001,0.0,0.0,0.0,0.0,0.0,0.0,0.0,0.0,80.907,72.955,0.0,0.0,0.0,191.031
0.0,204.975,196.976,236.071,8.881,0.0,33.947,109.773,529.203,147.424,115.876,21.321,166.405,546.639,30.901,62.175,7.867,562.079,727.167,143.847,218.725,143.712,487.767
0.0,25.565,4.783,0.0,1.076,0.0,0.0,0.0,67.891,4.328,0.0,0.0,5.087,28.613,0.0,0.0,0.0,91.273,87.324,0.0,0.0,0.0,226.949
0.0,209.543,272.461,241.341,11.595,0.001,36.656,83.507,605.107,161.108,122.033,26.367,179.793,679.407,75.841,89.751,3.328,444.459,727.779,151.364,236.836,150.912,411.187
0.0,217.316,227.905,240.857,7.528,0.0,32.071,83.072,369.476,131.928,109.565,37.904,160.189,631.183,48.332,91.529,2.424,393.108,615.188,122.615,192.2,135.728,431.364
0.0,198.941,278.867,336.528,8.505,0.0,36.068,83.136,329.563,154.361,131.912,62.509,171.396,619.129,64.859,90.855,2.58,364.169,567.732,122.596,197.076,162.68,354.807
0.0,142.456,130.356,0.0,2.513,0.0,0.0,0.0,61.635,70.576,0.0,35.92,82.8,219.949,4.529,29.001,0.0,87.777,117.409,0.001,0.0,0.0,214.007
0.0,0.0,1.3,0.0,1.269,0.0,0.0,0.0,47.277,0.0,0.0,0.0,0.0,0.0,0.0,0.0,0.0,78.305,70.764,0.0,0.0,0.0,181.8
0.0,210.732,250.219,239.575,12.04,0.0,37.705,82.624,400.921,142.448,115.733,69.789,161.313,566.856,50.841,82.863,2.912,343.655,599.309,111.613,214.299,134.879,225.591
0.0,202.739,286.653,240.079,9.944,0.0,23.811,83.107,501.092,166.523,139.939,36.779,183.868,577.564,35.931,74.704,5.335,378.977,680.329,131.068,194.321,165.731,385.676
0.0,214.469,226.077,236.321,9.677,0.0,0.0,84.177,466.311,127.848,108.115,51.665,146.612,584.668,60.267,74.661,4.073,333.652,597.241,117.283,190.375,137.348,434.425
0.0,209.647,211.257,332.205,8.72,0.0,31.903,89.14,416.904,129.781,106.268,75.38,150.815,638.508,73.672,69.793,10.535,337.345,691.235,116.051,189.509,131.677,407.968
0.0,224.269,249.987,300.567,6.531,0.0,59.621,81.915,438.723,166.587,130.82,77.328,182.447,652.885,64.468,75.695,7.504,601.116,777.153,164.396,231.315,162.255,455.364
0.0,127.711,1.303,151.752,1.265,0.0,0.0,0.0,55.092,0.0,0.0,47.497,8.915,221.036,33.479,29.772,0.0,84.475,76.024,0.0,0.0,0.0,203.273
0.0,0.0,0.984,0.0,0.852,0.0,0.0,0.0,56.039,0.0,0.0,0.0,0.0,0.0,0.0,0.0,0.0,85.689,76.604,0.0,0.0,0.0,208.055
0.0,214.724,289.417,261.36,8.457,0.0,53.493,81.096,539.517,175.001,141.979,2.185,185.704,545.852,52.025,80.759,4.537,567.051,1039.001,168.512,261.435,190.943,513.024
0.0,225.501,218.669,275.272,6.744,0.0,26.901,55.512,453.868,129.123,75.343,4.04,142.504,556.693,43.371,40.492,18.209,240.344,304.928,106.572,189.104,128.823,349.399
0.0,149.703,216.284,0.0,2.835,0.0,0.0,0.0,661.74,141.332,112.828,4.521,153.691,319.055,3.912,58.748,3.505,463.503,666.363,125.688,206.48,134.001,326.157
0.0,164.069,188.871,0.0,1.055,0.0,0.0,0.0,581.899,128.064,105.667,3.325,135.863,282.637,0.0,35.08,3.2,428.328,596.069,113.543,184.747,121.685,464.739
0.0,216.884,182.028,279.979,11.039,0.0,0.0,0.0,406.773,129.291,104.119,3.117,147.688,556.341,70.18,40.159,15.501,428.445,550.957,88.721,182.208,126.54,456.128
0.0,168.244,0.001,0.0,2.177,0.0,0.0,0.0,47.088,0.0,0.0,0.033,6.023,251.593,0.0,29.512,0.0,77.143,69.688,0.0,0.0,0.0,175.173
0.0,0.0,0.0,0.0,0.939,0.0,0.0,0.0,48.967,0.0,0.0,0.0,0.0,0.0,0.0,0.0,0.0,79.431,71.423,0.0,0.0,0.0,183.832
0.0,233.66,258.08,202.525,6.684,0.0,0.0,0.132,496.615,166.86,140.867,0.216,188.293,534.464,31.768,70.341,8.652,441.889,782.125,137.488,210.583,172.775,493.077
0.0,228.207,252.367,279.2,8.223,0.0,0.0,0.0,707.236,172.331,143.532,34.439,189.944,567.751,49.083,70.808,5.329,469.625,782.279,149.711,244.917,166.16,482.075
0.0,249.155,228.171,243.489,14.731,0.0,0.0,0.0,529.429,170.921,114.332,81.464,183.26,610.841,65.533,78.412,11.46,423.527,704.628,93.2,248.501,149.351,593.501
0.0,0.0,0.059,0.0,0.295,0.0,0.0,0.0,46.815,0.0,0.0,0.0,0.0,0.0,0.0,0.0,0.0,77.193,72.492,0.0,0.0,0.0,182.377
0.0,235.263,182.328,214.745,7.689,0.0,0.076,1.32,625.243,146.336,118.735,82.895,163.483,617.103,84.871,79.012,9.852,497.369,722.697,46.121,186.227,141.229,586.671
0.0,168.371,193.075,179.585,4.653,0.0,0.0,0.0,750.513,135.716,93.883,35.293,144.391,364.751,51.595,57.904,4.681,431.429,654.539,121.823,201.865,112.845,424.697
0.0,0.0,1.317,0.0,1.015,0.0,0.0,0.0,50.995,0.0,0.0,0.0,0.0,0.0,0.0,0.0,0.0,80.555,72.468,0.0,0.0,0.0,190.255
0.0,236.673,248.731,243.209,7.075,0.0,0.0,0.0,627.925,168.692,119.657,7.599,186.239,635.709,90.259,74.033,10.167,447.867,735.881,149.788,249.656,141.611,385.603
0.0,211.773,299.091,260.375,7.932,0.0,0.0,0.095,833.739,172.12,139.395,27.221,182.663,586.513,84.633,37.976,11.675,581.025,831.908,168.987,258.171,177.333,458.931
0.0,233.879,285.905,283.051,12.043,0.0,0.0,1.753,567.683,173.02,120.076,52.017,189.047,630.313,74.224,41.136,7.144,469.416,728.117,151.26,256.825,181.8,523.116
0.0,159.799,177.919,199.84,5.389,0.0,0.0,0.0,320.375,109.908,86.925,22.256,119.132,414.667,54.197,38.444,1.655,242.868,484.896,50.877,104.435,90.695,321.439
0.0,226.528,300.767,268.633,4.512,0.0,0.0,0.0,577.124,173.743,134.537,0.267,184.423,563.996,71.587,64.556,1.793,420.395,589.101,45.109,65.113,132.261,397.948
0.0,145.396,159.772,186.685,4.495,0.0,0.0,0.0,641.471,133.564,112.585,0.04,137.788,327.293,50.288,29.181,0.051,421.345,306.349,23.043,32.972,81.839,415.3
0.0,0.0,1.477,0.0,1.008,0.0,0.0,0.0,50.007,0.0,0.0,0.0,0.0,0.0,0.0,0.0,0.0,72.885,81.471,0.0,0.0,0.0,191.147
0.0,216.003,257.107,279.685,5.392,0.0,0.0,0.748,668.703,186.287,130.951,0.093,201.92,569.335,75.7,70.999,0.223,503.573,507.603,25.116,46.568,52.988,416.361
0.0,229.461,237.196,213.607,9.064,0.0,0.0,0.255,569.361,175.92,141.44,0.112,194.356,575.652,69.675,80.291,2.225,444.859,592.955,45.9,99.785,131.145,463.811
0.0,219.235,324.084,146.199,8.039,0.0,0.0,0.0,641.231,185.517,144.448,0.089,203.309,524.888,71.853,68.304,12.629,543.649,745.509,41.932,139.44,98.199,470.181
0.0,235.5,340.229,0.0,13.937,0.0,0.396,1.163,663.224,192.251,148.992,0.153,209.865,565.229,82.3,73.952,9.356,608.901,970.304,107.92,239.823,134.06,518.041
0.0,214.112,341.955,373.689,13.444,0.0,0.0,1.707,754.383,217.396,166.109,77.727,236.889,545.5,45.505,83.249,19.355,658.535,1074.808,180.121,303.255,177.697,397.461
0.0,193.556,200.184,289.785,7.989,0.0,0.0,0.0,492.624,180.997,147.781,62.928,194.413,386.167,67.081,11.267,0.0,486.408,1002.335,103.141,157.736,171.056,414.512
0.0,0.0,1.123,0.0,1.237,0.0,0.0,0.0,48.383,37.568,44.043,0.0,35.527,0.0,0.001,0.0,0.0,81.277,142.749,0.0,0.0,40.973,185.921
0.0,227.095,292.021,358.897,14.793,0.0,0.0,2.08,801.077,189.163,146.713,78.745,201.065,550.457,73.688,52.712,12.648,684.132,1038.52,169.824,271.444,191.341,489.592
0.0,237.337,333.383,367.048,15.076,0.0,0.0,5.389,790.688,191.987,123.6,77.212,204.988,592.001,78.387,83.963,9.607,604.017,883.513,103.203,273.86,114.055,461.781
0.0,246.147,312.795,285.499,15.203,0.0,0.0,0.632,583.051,190.383,154.303,8.491,201.789,595.369,92.261,51.177,10.381,502.415,913.744,111.695,233.875,169.949,389.756
0.0,0.0,2.533,0.0,1.559,0.0,0.0,0.0,0.0,0.0,0.0,0.0,0.121,0.12,0.063,0.0,0.0,0.0,0.0,0.0,0.0,0.0,192.665
0.0,246.736,232.471,369.009,15.684,0.0,0.663,1.112,525.289,189.304,131.245,0.125,201.361,601.677,82.155,31.735,8.643,607.641,901.079,148.645,247.781,188.195,415.956
0.0,221.12,224.805,363.703,8.899,0.0,0.0,0.0,623.96,173.927,45.711,0.069,188.619,434.175,85.281,0.0,7.977,499.808,887.645,133.137,236.225,155.503,379.599
0.0,132.851,141.269,0.0,3.008,0.0,0.0,0.0,352.305,119.192,0.0,0.0,115.556,187.18,43.275,0.0,0.055,71.253,92.261,65.287,109.552,29.431,0.0
0.0,240.296,303.893,365.732,14.423,0.0,0.175,0.724,684.211,185.243,152.583,0.047,200.632,601.493,77.736,79.772,2.335,554.297,948.137,118.971,270.717,144.845,423.837
0.0,224.984,295.475,236.327,16.103,0.0,0.0,0.987,623.088,189.412,154.711,0.036,201.129,568.071,89.697,51.54,9.147,530.448,951.635,58.217,261.039,99.307,421.669
0.0,243.741,242.793,92.691,15.891,0.0,0.0,0.08,730.144,185.019,125.296,0.141,198.125,538.829,85.323,36.213,26.343,563.223,861.401,6.867,254.607,70.289,408.745
0.0,229.097,231.628,0.0,15.233,0.0,0.0,0.297,710.449,181.661,127.028,0.157,195.38,467.705,77.92,10.291,19.905,461.665,781.877,57.779,253.884,135.221,442.365
0.0,236.081,358.319,196.793,13.452,0.0,0.0,0.156,657.715,186.133,95.951,0.087,197.631,513.392,104.633,36.376,5.639,473.893,949.072,45.044,244.115,126.517,337.191
0.0,235.607,359.149,341.12,13.141,0.0,0.0,0.0,653.84,194.961,119.088,0.133,208.845,487.415,85.723,30.676,4.231,610.34,1110.76,128.449,245.2,211.368,371.637
0.0,0.0,1.141,0.0,1.336,0.0,0.0,0.0,0.0,0.0,0.0,0.0,0.041,0.0,0.0,0.0,0.0,0.0,0.0,0.0,0.0,0.0,0.0
0.0,219.419,263.225,191.192,14.495,0.0,0.156,1.775,647.599,175.875,126.344,0.117,192.129,536.473,89.681,30.789,4.612,539.325,988.795,98.493,260.921,185.375,389.891
0.0,236.608,309.616,262.075,12.363,0.0,0.0,1.684,713.847,195.617,138.981,0.127,214.624,557.08,69.96,40.525,10.379,588.125,913.599,88.872,207.8,178.668,368.08
0.0,218.257,257.505,332.083,9.105,0.0,0.0,0.843,566.803,189.189,146.48,4.453,207.275,539.876,81.185,42.312,4.937,461.195,901.452,5.045,264.279,182.185,341.347
0.0,234.76,370.837,361.427,13.795,0.0,0.008,0.524,814.133,194.44,160.975,76.767,213.844,605.597,96.324,33.296,1.847,557.213,999.641,92.209,320.2,168.185,280.599
0.0,239.364,269.176,172.344,12.923,0.0,0.0,2.651,401.403,142.173,150.299,78.472,166.541,590.513,77.88,44.497,6.24,430.131,889.572,28.513,257.899,164.091,315.956
0.0,272.287,147.157,226.796,6.736,0.0,0.0,0.0,600.16,73.361,103.672,57.393,96.771,546.637,83.104,0.0,1.656,433.264,699.273,79.495,228.452,127.819,0.0
0.0,168.517,1.599,216.092,1.108,0.0,0.0,0.263,0.0,4.857,65.156,0.0,2.872,239.776,55.179,0.0,0.0,0.0,212.113,0.0,0.0,33.635,0.0
0.0,261.065,203.637,228.799,9.967,0.0,0.0,2.407,759.935,52.816,132.387,33.123,78.356,551.584,72.519,37.449,5.885,584.033,886.509,2.068,277.669,130.073,236.391
0.0,40.743,165.879,347.076,11.425,0.0,0.601,0.488,535.413,74.379,143.261,0.0,102.365,574.843,91.32,36.028,12.363,474.269,910.501,30.088,139.125,73.989,340.337
0.0,38.081,142.085,325.773,7.893,0.0,0.0,0.0,434.056,95.456,105.243,0.007,120.853,512.023,62.844,35.363,5.468,356.135,621.755,5.149,108.539,53.815,434.639
0.0,236.168,153.507,306.595,10.644,0.0,0.0,0.104,579.035,101.487,137.644,3.369,120.899,526.192,92.293,36.584,6.199,452.891,741.788,4.975,140.104,54.805,392.697
0.0,239.451,173.377,0.0,13.029,0.0,0.0,0.0,460.817,116.627,87.016,44.839,137.22,484.712,78.056,36.772,6.932,395.337,735.744,7.327,114.653,67.153,397.323
0.0,246.132,22.837,0.0,6.66,0.0,0.0,0.103,0.0,2.371,0.0,45.041,26.432,396.2,63.875,0.0,17.339,60.199,23.429,0.0,0.0,0.0,0.0
0.0,155.587,1.256,0.0,1.197,0.0,0.0,0.0,0.0,0.0,0.0,3.5,0.337,206.108,39.033,1.543,0.0,0.0,0.0,0.0,0.0,0.0,0.0
0.0,240.676,135.881,258.244,9.879,0.0,0.009,0.153,438.736,165.328,156.652,33.439,181.307,543.465,84.593,45.743,10.231,511.313,954.8,3.476,131.925,151.693,298.668
0.0,235.195,126.527,0.0,15.935,0.0,0.653,0.0,664.853,157.436,141.829,38.573,173.172,493.665,77.261,33.04,9.428,504.631,880.353,4.337,128.996,86.501,344.599
0.0,232.663,197.164,0.0,12.531,0.0,0.069,0.479,486.204,154.407,33.331,19.444,168.001,473.289,83.691,38.475,5.687,524.956,793.708,5.153,66.381,66.248,367.92
0.0,224.943,211.972,0.0,11.712,0.0,0.0,0.288,498.265,176.012,38.211,0.125,188.885,503.473,78.333,37.647,5.057,488.573,980.889,12.624,54.149,102.796,316.78
0.0,229.757,138.859,0.0,14.469,0.0,0.0,0.0,394.511,120.789,32.011,0.183,139.688,467.217,76.86,12.997,5.889,310.275,664.936,14.177,40.331,54.061,402.359
0.0,191.271,1.615,0.0,5.601,0.0,0.0,0.0,0.0,0.0,0.0,0.003,19.011,312.552,51.949,0.0,0.0,0.0,0.0,0.0,0.0,0.0,0.0
0.0,0.0,1.369,0.0,1.236,0.0,0.0,0.0,0.0,0.0,0.0,0.0,0.0,0.0,0.0,0.0,0.0,0.0,0.0,0.0,0.0,0.0,0.0
0.0,221.681,153.839,0.0,14.477,0.0,0.0,0.0,759.207,139.421,66.847,0.153,159.081,435.908,86.987,25.533,9.853,416.952,570.508,21.264,87.081,58.265,309.872
0.0,230.617,162.184,0.0,11.859,0.0,0.0,0.0,582.239,128.044,49.491,2.159,150.105,488.867,68.523,28.428,7.824,386.3,658.549,12.411,104.128,81.145,388.375
0.0,212.621,126.711,0.0,12.408,0.0,0.0,0.036,503.76,126.852,89.216,75.545,146.088,441.408,47.836,28.487,8.093,345.601,720.641,4.916,100.383,86.704,515.525
0.0,209.665,97.56,0.0,13.113,0.0,0.0,0.0,380.913,129.125,98.233,103.384,148.879,416.927,46.329,35.617,14.42,296.136,625.295,0.0,85.987,76.3,324.264
0.0,216.132,132.405,0.0,10.407,0.0,0.123,0.0,287.111,117.756,53.451,86.891,141.767,384.583,21.704,26.496,3.752,302.063,586.144,3.3,57.419,75.08,235.741
0.0,159.171,19.96,0.0,5.068,0.0,0.0,0.0,0.0,20.571,0.0,58.78,32.533,232.487,60.707,0.14,0.0,0.0,8.469,0.0,0.0,0.0,0.0
0.0,0.0,1.217,0.0,1.239,0.0,0.0,0.0,0.0,0.0,0.0,0.0,0.0,0.0,0.0,0.0,0.0,0.0,0.0,0.0,0.0,0.0,0.0
0.0,244.368,124.215,0.0,14.557,0.0,0.0,0.0,667.825,171.481,77.563,58.964,181.897,512.585,88.655,52.021,2.567,568.151,889.815,6.581,72.784,91.523,391.808
0.0,215.829,148.645,0.0,16.963,0.0,0.0,0.0,560.888,177.227,136.136,34.02,198.344,475.3,74.883,47.088,1.952,555.823,1126.604,7.485,90.392,101.915,386.857
0.0,211.792,110.583,0.0,12.223,0.0,0.0,0.087,328.641,142.408,82.304,50.376,170.791,445.457,65.128,47.875,6.165,309.54,636.397,3.232,52.567,85.515,349.544
0.0,211.311,137.048,0.0,11.803,0.0,0.0,0.0,461.056,164.799,45.023,50.607,187.42,422.323,50.288,57.271,5.012,458.928,748.291,0.068,63.073,69.159,310.371
0.0,209.584,139.347,0.0,13.427,0.0,0.0,0.055,510.993,157.336,27.137,117.221,177.215,477.249,76.652,62.693,8.576,356.643,586.668,1.641,62.299,56.964,285.663
0.0,15.299,2.021,0.0,1.465,0.0,0.0,0.0,0.0,0.0,0.0,0.0,0.029,17.188,0.0,0.0,0.0,0.0,0.0,0.0,0.0,0.0,28.035
0.0,0.0,1.576,0.0,1.236,0.0,0.0,0.0,0.0,0.0,0.0,0.0,0.0,0.0,0.0,0.0,0.0,0.0,0.0,0.0,0.0,0.0,0.0
0.0,223.159,103.775,0.0,13.212,0.0,0.0,0.087,758.416,184.121,8.625,76.711,203.155,461.175,73.735,54.721,5.06,487.612,672.489,0.0,35.376,17.639,309.407
0.0,202.059,121.304,0.0,11.8,0.0,0.027,0.0,641.183,176.62,42.881,71.676,195.235,406.516,61.775,55.731,3.355,507.484,849.723,0.0,29.959,45.077,305.047
0.0,220.973,142.341,0.0,9.213,0.0,0.932,0.0,483.192,165.017,29.079,30.385,186.415,438.711,68.379,45.859,7.236,430.836,732.504,0.0,0.0,48.189,375.027
0.0,221.085,124.747,0.0,9.161,0.0,1.227,0.0,593.599,166.465,7.233,0.187,187.451,428.835,50.911,41.616,7.735,406.519,630.875,0.0,39.339,16.985,350.071
0.0,220.964,159.421,0.0,9.743,0.0,2.069,0.287,549.219,167.635,29.128,0.2,188.212,446.025,55.685,40.769,7.96,559.857,854.213,0.0,51.501,30.22,265.009
0.0,144.507,1.485,0.0,2.057,0.0,0.0,0.0,0.0,0.0,0.0,0.035,6.767,217.637,30.904,30.659,0.0,0.0,0.0,0.001,0.0,0.0,0.0
0.0,0.0,1.413,0.0,1.252,0.0,0.0,0.0,0.0,0.0,0.0,0.0,0.0,0.0,0.0,0.0,0.0,0.0,0.0,0.0,0.0,0.0,0.0
0.0,228.668,138.899,0.0,11.403,0.0,0.269,0.183,418.608,177.567,7.581,64.984,199.344,445.493,55.553,53.343,6.099,798.067,1005.74,0.0,0.0,36.144,430.287
0.0,219.607,182.444,0.0,10.925,0.0,0.0,0.0,728.924,165.763,5.927,0.303,188.436,447.431,72.567,42.472,10.344,502.28,732.296,0.0,0.0,24.368,368.007
0.0,231.881,174.847,0.0,10.332,0.0,0.0,0.0,466.603,145.968,4.393,0.308,168.795,443.385,61.388,40.26,5.097,352.849,557.356,3.875,0.0,14.045,361.147
0.0,182.329,170.097,0.0,11.069,0.0,0.0,0.0,470.784,145.532,7.575,0.053,161.771,391.663,32.023,40.524,1.807,421.811,657.169,0.0,0.0,26.368,316.016
0.0,157.729,114.567,0.0,8.077,0.0,0.0,0.0,284.393,97.572,5.571,0.004,119.975,307.492,24.845,29.764,2.984,259.267,554.287,3.399,0.003,20.072,216.085
0.0,167.763,1.204,0.0,4.092,0.0,0.0,0.0,0.0,0.0,0.0,0.045,24.493,266.121,26.557,30.379,0.0,0.0,0.0,0.0,0.0,0.0,0.0
0.0,0.0,1.357,0.0,1.235,0.0,0.0,0.0,0.0,0.0,0.0,0.0,0.0,0.0,0.0,0.0,0.0,0.0,0.0,0.0,0.0,0.0,0.0
0.0,230.045,158.101,0.001,11.543,0.0,0.0,0.0,538.809,151.835,6.28,0.011,188.489,457.092,45.843,40.496,7.613,400.256,878.493,0.0,0.0,37.553,216.24
0.0,209.128,132.336,0.0,12.48,0.0,0.0,0.0,377.817,119.107,6.351,0.004,153.976,442.912,61.424,34.493,7.417,397.228,629.907,0.0,0.003,17.821,220.504
0.0,0.0,1.277,0.0,1.239,0.0,0.0,0.0,0.0,5.373,0.0,0.0,6.723,0.0,0.0,0.0,0.0,0.0,1.888,0.0,0.0,0.0,0.0
0.0,209.377,118.852,0.0,8.111,0.0,0.0,0.0,563.511,146.308,83.647,0.036,179.784,443.265,67.233,41.7,5.668,451.467,811.363,0.0,0.0,24.408,285.083
0.0,239.641,95.935,0.0,9.423,0.0,0.0,0.0,293.196,114.148,32.384,0.139,144.363,506.448,81.697,42.192,10.477,338.443,585.848,0.0,0.005,9.4,205.849
0.0,173.955,0.477,0.0,5.415,0.0,0.0,0.0,0.0,0.0,0.0,1.153,5.721,298.012,56.911,30.407,0.0,0.0,0.0,0.0,0.0,0.0,0.0
0.0,0.0,0.835,0.0,1.332,0.0,0.0,0.0,0.0,0.0,0.0,0.0,0.0,0.0,0.0,0.0,0.0,0.0,0.0,0.0,0.0,0.0,0.0
0.0,243.591,126.121,0.0,11.725,0.0,0.0,0.303,509.664,149.4,37.495,79.976,179.516,453.103,36.199,53.221,13.371,425.123,840.512,0.0,0.0,20.105,416.477
0.0,244.331,126.549,0.0,10.372,0.0,0.563,0.312,359.927,153.044,54.251,69.616,184.665,472.213,60.44,52.297,5.633,503.969,865.372,0.0,0.0,31.54,348.417
0.0,244.221,111.223,0.0,12.343,0.0,0.2,0.305,656.567,127.181,36.763,61.412,163.057,461.403,49.571,52.577,12.885,443.772,602.347,0.0,11.297,19.952,255.252
0.0,255.251,131.172,0.0,11.965,0.0,0.211,3.033,533.761,139.715,35.245,82.731,177.249,453.841,30.511,52.279,18.545,451.231,742.401,0.0,0.0,19.933,324.559
0.0,246.371,73.441,0.0,10.513,0.0,0.0,0.079,458.363,125.017,18.204,82.904,163.313,449.299,42.283,41.6,4.616,279.029,531.687,0.0,0.0,12.665,431.916
0.0,146.855,1.281,0.0,3.304,0.0,0.0,0.0,0.0,0.0,0.0,34.021,19.365,208.064,41.167,7.028,0.0,0.0,0.0,0.0,0.0,0.0,0.0
0.0,0.0,1.359,0.0,1.153,0.0,0.0,0.0,0.0,0.0,0.0,0.0,0.0,0.0,0.0,0.0,0.0,0.0,0.0,0.0,0.0,0.0,0.0
0.0,212.951,88.775,0.0,11.073,0.0,0.041,0.0,783.208,152.321,43.424,42.901,185.161,399.975,62.329,14.94,0.676,512.587,825.057,0.0,0.0,25.523,339.659
0.0,212.872,133.027,0.0,9.521,0.0,0.003,0.431,495.391,138.284,25.755,45.727,174.443,412.101,56.276,54.119,9.433,576.132,755.904,0.0,0.001,19.356,264.823
0.0,231.975,96.004,0.0,12.291,0.0,0.047,0.456,553.98,123.86,42.807,27.06,156.491,459.525,66.324,49.489,9.12,678.663,733.733,0.0,0.0,26.88,502.492
0.0,280.021,110.136,0.0,11.127,0.0,0.067,0.063,618.22,145.751,24.435,24.692,180.144,520.829,35.039,53.392,6.765,465.839,715.884,0.0,0.001,17.695,348.805
0.0,247.396,77.376,0.0,10.843,0.0,0.207,0.441,478.848,139.808,32.077,0.283,179.529,474.907,71.821,42.169,1.577,403.256,690.34,0.0,0.0,22.32,279.635
0.0,110.257,1.584,0.0,2.704,0.0,0.0,0.0,0.0,0.0,0.0,1.597,13.916,156.421,8.005,31.217,0.0,0.0,0.0,0.0,0.0,0.0,0.0
0.0,0.0,1.577,0.0,1.268,0.0,0.0,0.0,0.0,0.0,0.0,0.0,0.0,2.577,2.363,0.0,0.0,0.0,0.0,0.0,0.0,0.0,0.0
0.0,212.951,88.775,0.0,11.073,0.0,0.041,0.0,783.208,152.321,43.424,42.901,185.161,399.975,62.329,14.94,0.676,512.587,825.057,0.0,0.0,25.523,339.659
0.0,212.872,133.027,0.0,9.521,0.0,0.003,0.431,495.391,138.284,25.755,45.727,174.443,412.101,56.276,54.119,9.433,576.132,755.904,0.0,0.001,19.356,264.823
0.0,231.975,96.004,0.0,12.291,0.0,0.047,0.456,553.98,123.86,42.807,27.06,156.491,459.525,66.324,49.489,9.12,678.663,733.733,0.0,0.0,26.88,502.492
0.0,280.021,110.136,0.0,11.127,0.0,0.067,0.063,618.22,145.751,24.435,24.692,180.144,520.829,35.039,53.392,6.765,465.839,715.884,0.0,0.001,17.695,348.805
0.0,247.396,77.376,0.0,10.843,0.0,0.207,0.441,478.848,139.808,32.077,0.283,179.529,474.907,71.821,42.169,1.577,403.256,690.34,0.0,0.0,22.32,279.635
0.0,110.257,1.584,0.0,2.704,0.0,0.0,0.0,0.0,0.0,0.0,1.597,13.916,156.421,8.005,31.217,0.0,0.0,0.0,0.0,0.0,0.0,0.0
0.0,0.0,1.577,0.0,1.268,0.0,0.0,0.0,0.0,0.0,0.0,0.0,0.0,2.577,2.363,0.0,0.0,0.0,0.0,0.0,0.0,0.0,0.0
0.0,0.0,0.0,0.0,0.405,0.0,0.0,0.0,0.0,0.0,0.0,0.0,0.0,0.0,0.0,0.0,0.0,0.0,0.0,0.0,0.0,0.0,0.0
0.0,0.0,0.0,0.0,0.519,0.0,0.0,0.0,0.0,0.0,0.0,0.0,0.0,0.0,0.0,0.0,0.0,0.0,0.0,0.0,0.0,0.0,0.0
0.0,0.0,0.001,0.0,0.693,0.0,0.0,0.0,0.0,0.0,0.0,0.0,0.0,0.0,0.0,0.0,0.0,0.0,0.0,0.0,0.0,0.0,0.0
0.0,0.0,0.0,0.0,0.523,0.0,0.0,0.0,0.0,0.0,0.0,0.0,0.0,0.0,0.0,0.0,0.0,0.0,0.0,0.0,0.0,0.0,0.0
0.0,0.0,0.0,0.0,0.253,0.0,0.0,0.0,0.0,0.0,0.0,0.0,0.0,0.0,0.0,0.0,0.0,0.0,0.0,0.0,0.0,0.0,0.0
0.0,0.0,0.0,0.0,0.073,0.0,0.0,0.0,0.0,0.0,0.0,0.0,0.0,0.0,0.0,0.0,0.0,0.0,0.0,0.0,0.0,0.0,0.0
0.0,0.0,0.001,0.0,0.3,0.0,0.0,0.0,0.0,0.0,0.0,0.0,0.0,0.0,0.0,0.0,0.0,0.0,0.0,0.0,0.0,0.0,0.0
0.0,211.253,86.617,0.0,12.085,0.0,0.087,0.216,490.979,116.745,26.741,80.049,146.873,418.357,76.441,52.987,1.18,356.985,688.383,0.0,0.0,21.625,319.857
0.0,217.072,110.817,0.0,12.567,0.0,0.0,0.0,539.989,150.759,30.601,67.307,180.595,434.539,61.156,52.996,1.956,479.187,834.659,0.0,0.0,26.437,312.685
0.0,219.587,95.947,0.0,11.048,0.0,0.019,0.375,493.484,117.763,15.955,54.452,143.872,424.581,67.932,49.685,5.737,367.373,722.004,0.0,0.0,23.217,292.341
0.0,213.796,85.249,0.0,10.013,0.0,0.596,0.568,413.037,127.151,30.575,56.581,156.843,417.104,76.412,42.035,9.312,368.601,599.761,0.0,0.0,17.804,292.191
0.0,239.143,93.633,0.0,10.02,0.0,0.0,0.044,419.665,128.913,26.401,56.32,165.639,473.516,78.196,41.601,13.149,387.473,646.92,0.0,0.0,24.227,351.136
0.0,158.637,37.959,0.0,9.948,0.0,0.0,0.0,479.812,119.391,26.748,57.384,148.963,329.963,64.973,29.885,8.688,389.768,560.812,0.0,0.0,14.344,0.0
0.0,0.0,1.307,0.0,1.168,0.0,0.0,0.0,0.0,0.0,0.0,0.0,0.0,0.0,0.0,0.0,0.0,0.0,0.0,0.0,0.0,0.0,0.0
0.0,177.305,110.843,0.0,9.047,0.0,0.0,0.0,578.488,188.976,27.291,20.044,224.141,367.049,59.763,29.401,4.939,576.179,837.207,0.0,0.0,36.815,216.104
0.0,196.189,94.103,0.0,11.167,0.0,0.104,0.0,503.652,292.384,15.225,0.119,338.547,361.92,43.703,26.476,5.496,387.951,530.069,0.0,0.0,1.393,273.023
0.0,220.003,118.068,0.0,7.857,0.0,0.0,0.0,325.455,232.115,23.112,0.2,280.849,419.324,52.495,41.463,5.313,298.0,680.359,1.973,0.0,8.724,257.353
0.0,192.123,93.301,0.0,7.452,0.0,0.0,0.0,523.308,129.923,17.867,0.255,165.225,379.915,57.361,31.389,3.177,393.5,623.269,0.0,0.003,10.075,257.808
0.0,236.597,103.861,0.0,9.22,0.0,0.0,0.0,407.755,132.788,25.179,0.203,172.809,457.787,67.301,40.939,8.801,380.393,652.189,0.0,9.817,22.479,256.965
0.0,0.0,1.408,0.0,0.283,0.0,0.0,0.0,0.0,0.0,0.0,0.0,0.0,0.0,0.0,0.0,0.0,0.0,0.0,0.0,0.0,0.0,0.0
0.0,0.0,1.387,0.0,0.2,0.0,0.0,0.0,0.0,0.0,0.0,0.0,0.0,0.0,0.0,0.0,0.0,0.0,0.0,0.0,0.0,0.0,0.0
0.0,248.356,115.857,0.0,7.685,0.0,0.0,0.0,411.435,130.972,27.321,0.239,162.861,503.909,85.517,41.509,8.992,342.893,701.867,0.0,0.001,24.612,328.787
0.0,242.74,74.875,0.0,12.204,0.0,0.0,0.0,419.103,118.4,22.887,7.44,144.055,457.956,51.333,38.923,2.895,267.125,447.477,0.0,0.0,20.911,294.057
0.0,238.781,127.945,0.0,11.661,0.0,0.0,0.0,538.673,164.56,30.292,49.48,193.507,416.103,31.759,40.071,4.417,403.496,521.137,0.0,0.0,9.689,281.097
0.0,245.913,64.565,0.001,10.759,0.0,0.0,0.02,622.593,152.467,90.532,51.031,184.075,457.68,75.852,39.948,7.685,378.767,510.839,3.881,23.424,9.399,213.041
0.0,211.576,145.68,0.0,10.977,0.0,0.0,0.161,369.333,167.768,34.915,52.32,198.868,405.325,64.084,41.071,9.613,412.931,826.741,0.0,0.0,27.516,181.624
0.0,0.0,1.04,0.0,1.499,0.0,0.0,0.0,0.0,38.129,0.0,0.0,40.115,0.0,0.0,0.0,0.0,0.0,16.459,0.0,0.0,0.0,0.0
0.0,0.0,0.989,0.0,1.027,0.0,0.0,0.0,0.0,0.0,0.0,0.0,0.0,0.0,0.0,0.0,0.0,0.0,0.0,0.0,0.0,0.0,0.0
0.0,220.044,86.469,0.0,11.737,0.0,0.0,0.492,663.044,138.077,28.296,37.459,169.464,402.572,38.199,42.129,7.193,411.221,527.495,0.0,0.004,4.364,283.94
0.0,239.617,64.116,0.0,10.064,0.0,0.0,0.1,454.297,83.227,0.0,0.852,104.979,450.047,41.639,42.128,5.821,222.501,101.112,0.0,0.0,0.0,377.197
0.0,241.531,68.711,0.0,7.987,0.0,0.0,0.377,441.325,91.261,0.0,0.019,115.395,437.177,46.045,39.852,10.108,160.536,69.717,0.0,0.003,0.0,310.113
0.0,232.841,54.371,0.0,7.32,0.0,0.0,0.0,545.091,117.887,0.0,51.077,147.525,446.941,54.247,48.68,13.456,205.987,88.969,3.325,31.008,0.0,393.515
0.0,21.917,1.457,0.0,1.045,0.0,0.0,0.0,0.0,0.0,0.0,0.0,0.0,29.619,0.0,0.0,0.0,0.0,0.0,0.0,0.0,0.0,0.0
0.0,0.0,1.471,0.0,1.029,0.0,0.0,0.0,0.0,0.0,0.0,0.0,0.0,0.0,0.0,0.0,0.0,0.0,0.0,0.0,0.0,0.0,0.0
0.0,0.0,1.491,0.0,1.027,0.0,0.0,0.0,0.0,0.0,0.0,0.0,0.0,0.0,0.0,0.0,0.0,0.0,0.0,0.0,0.0,0.0,0.0
0.0,251.312,83.34,0.0,10.589,0.0,0.021,0.053,387.636,111.196,12.393,48.863,139.167,501.767,58.509,46.416,2.547,105.604,103.596,8.531,76.568,0.057,411.359
0.0,236.659,45.66,0.0,8.639,0.0,0.02,0.0,499.277,97.447,0.0,1.155,122.835,408.401,41.167,37.871,2.845,153.189,83.339,0.0,107.139,0.0,414.9
0.0,240.341,63.353,0.0,10.033,0.0,0.0,0.116,645.305,157.437,107.553,69.449,188.531,470.113,68.555,52.472,8.723,401.572,704.827,0.0,100.103,22.675,279.736
0.0,206.187,67.429,0.0,6.769,0.0,0.0,0.025,439.069,124.971,64.868,37.699,151.204,369.112,41.904,37.331,3.009,393.219,664.104,0.0,13.584,12.493,313.041
0.0,181.492,111.441,0.0,8.339,0.0,0.0,0.0,323.16,117.992,23.071,3.707,139.445,365.513,54.369,30.397,2.635,328.952,754.624,0.0,0.001,25.688,289.673
0.0,0.0,1.412,0.0,1.328,0.0,0.0,0.0,0.0,0.0,0.0,0.0,0.008,0.0,0.0,0.0,0.0,0.0,0.0,0.0,0.0,0.0,0.0
0.0,0.0,1.076,0.0,0.928,0.0,0.0,0.0,0.0,0.0,0.0,0.0,0.0,0.0,0.0,0.0,0.0,0.0,0.0,0.0,0.0,0.0,0.0
0.0,176.581,159.259,0.0,11.829,0.0,0.0,0.0,403.421,148.433,25.853,27.608,173.315,401.703,55.833,30.389,3.905,338.585,914.425,0.0,15.996,25.775,231.717
0.0,175.147,130.227,0.0,9.395,0.0,0.0,0.0,474.061,124.736,22.719,6.601,152.192,327.925,34.828,28.429,8.473,310.516,542.468,0.0,65.256,33.316,264.989
0.0,213.511,170.88,0.0,9.939,0.0,0.0,0.0,467.545,127.617,22.757,0.175,152.597,402.872,40.14,40.331,6.181,439.585,691.604,3.505,74.384,33.701,286.207
0.0,246.448,192.327,0.0,8.163,0.0,0.0,0.0,575.827,138.644,38.988,0.183,166.791,466.351,51.733,38.333,6.305,426.085,696.673,4.327,100.519,57.869,244.751
0.0,240.988,197.465,0.0,8.521,0.096,0.0,0.065,440.857,145.061,27.619,0.209,178.045,484.155,77.676,41.021,6.627,666.192,884.916,3.015,63.807,72.66,383.256
0.0,0.0,0.98,0.0,1.475,0.0,0.0,0.0,38.541,118.867,0.0,0.0,123.973,0.0,0.0,0.0,0.0,43.061,38.903,13.836,0.0,0.0,0.0
0.0,0.0,0.987,0.0,1.312,0.0,0.0,0.0,4.167,9.328,0.0,0.0,9.689,0.0,0.0,0.0,0.0,3.796,3.403,0.0,0.0,0.0,0.0
0.0,244.932,78.967,0.0,10.133,0.177,0.713,0.603,370.003,136.633,20.816,0.244,163.724,458.267,65.112,37.38,5.263,303.644,587.507,0.133,0.267,6.637,268.156
0.0,240.865,99.363,0.0,9.297,0.0,0.021,0.0,360.849,124.819,0.0,0.143,151.568,461.46,84.923,41.823,5.3,292.588,546.812,0.0,0.0,17.348,267.264
0.0,241.86,84.6,0.0,9.017,0.128,0.0,0.383,374.16,125.336,0.0,0.064,150.325,463.496,81.912,40.675,15.399,313.935,571.932,0.0,0.003,10.588,255.925
0.0,235.696,100.549,0.0,8.595,1.111,0.0,1.227,359.295,121.379,9.271,0.075,145.608,443.944,75.905,42.029,1.307,349.213,736.883,0.0,0.0,29.116,296.867
0.0,222.692,84.951,0.0,8.973,0.976,1.544,0.096,534.52,160.844,22.621,0.04,188.916,389.015,37.215,41.335,8.06,692.236,818.901,0.0,0.0,15.725,260.816
0.0,0.0,6.971,0.0,1.439,0.0,0.0,0.0,34.735,82.761,0.0,0.0,88.908,0.0,0.0,0.0,0.0,24.243,80.683,0.0,0.0,1.131,0.0
0.0,0.0,1.621,0.0,1.252,0.0,0.0,0.0,0.0,0.0,0.0,0.0,0.0,0.0,0.0,0.0,0.0,0.0,0.0,0.0,0.0,0.0,0.0
0.0,222.901,125.195,0.0,10.119,0.023,0.265,0.391,325.729,120.904,5.869,0.092,151.469,439.115,48.32,42.443,4.461,258.303,567.993,2.371,0.001,15.339,260.633
0.0,199.376,211.181,0.0,12.787,0.0,0.0,0.207,392.724,169.984,18.291,41.24,201.801,371.213,30.564,46.188,8.068,565.712,940.352,0.0,44.959,58.765,338.792
0.0,217.448,195.033,0.0,9.584,0.029,0.023,0.0,358.456,133.619,47.055,26.701,165.313,473.659,55.541,54.581,4.459,353.505,716.449,3.413,80.703,104.968,330.209
0.0,241.613,221.769,0.0,9.268,0.0,0.0,0.0,530.157,135.249,41.205,29.551,169.985,570.668,24.785,85.479,2.541,419.127,813.816,29.295,122.401,155.235,531.756
0.0,238.568,165.295,0.0,9.247,0.128,1.68,0.197,297.327,120.943,23.591,74.919,153.264,471.781,0.395,66.419,7.685,322.261,747.971,2.977,69.591,89.448,318.076
0.0,0.0,1.683,0.0,1.472,0.067,0.0,0.055,0.0,0.0,0.0,0.0,0.001,0.0,0.0,0.0,0.0,0.0,0.0,0.0,0.0,0.0,0.0
0.0,0.0,1.609,0.0,1.32,0.0,0.0,0.0,0.0,0.0,0.0,0.0,0.0,0.0,0.0,0.0,0.0,0.0,0.0,0.0,0.0,0.0,0.0
0.0,241.159,116.188,0.0,10.113,0.32,0.019,0.093,398.411,145.427,4.875,75.212,172.892,419.816,0.599,53.071,5.095,484.4,766.847,0.0,0.0,24.568,230.703
0.0,244.844,106.824,0.0,11.777,4.897,0.04,0.491,501.939,131.525,31.512,146.211,156.62,471.168,65.843,52.976,5.755,455.84,668.076,0.0,0.0,19.117,295.388
0.0,247.737,112.919,0.0,9.416,3.924,0.607,1.215,408.497,115.367,33.671,93.245,142.928,480.089,37.536,50.088,4.163,352.587,637.692,0.0,0.0,18.532,346.465
0.0,0.0,2.057,0.0,1.249,0.0,0.0,0.0,6.147,47.332,0.0,0.0,49.763,0.0,0.0,0.0,0.0,3.721,19.451,0.0,0.0,0.0,0.0
0.0,0.0,1.883,0.0,0.885,0.0,0.0,0.0,0.0,0.0,0.0,0.0,0.0,0.0,0.0,0.0,0.0,0.0,0.0,0.0,0.0,0.0,0.0
0.0,0.0,2.009,0.0,0.455,0.0,0.0,0.0,0.0,0.0,0.0,0.0,0.0,0.0,0.0,0.0,0.0,0.0,0.0,0.0,0.0,0.0,0.0
0.0,0.0,2.189,0.0,0.039,0.0,0.0,0.0,0.0,0.0,0.0,0.0,0.0,0.0,0.0,0.0,0.0,0.0,0.0,0.0,0.0,0.0,0.0
0.0,244.2386667,139.5466667,0.0,7.632,0.968,0.018666667,4.284,435.2693333,119.4186667,4.032,50.44,150.332,449.1173333,45.692,48.67333333,3.076,347.128,641.1773333,0.0,0.0,16.632,216.072
0.0,224.6466667,242.0413333,0.0,9.298666667,1.385333333,0.0,0.133333333,404.4013333,143.6226667,26.63466667,5.790666667,179.5826667,441.98,55.03466667,40.748,6.588,414.7866667,933.26,3.0,40.472,105.416,258.7973333
0.0,204.68,156.7706667,0.0,7.350666667,0.0,0.0,0.0,507.4693333,117.2786667,20.39466667,7.229333333,151.4973333,449.2066667,46.43333333,40.40933333,3.305333333,369.676,567.9546667,5.385333333,90.356,98.80133333,178.14
0.0,243.5666667,211.544,0.0,7.892,0.732,0.016,0.950666667,497.3266667,143.836,8.14,1.037333333,176.7253333,495.512,39.18133333,40.31466667,4.624,405.536,742.7613333,6.710666667,104.7906667,92.9,274.992
0.0,212.0826667,216.6866667,0.0,11.76533333,5.473333333,0.0,0.230666667,390.896,138.1973333,31.52933333,0.862666667,163.7733333,486.532,83.22533333,41.37466667,12.528,322.2373333,776.692,4.517333333,104.6386667,114.0746667,271.224
0.0,0.0,1.513333333,0.0,1.584,0.0,0.0,0.0,0.0,24.10933333,47.53733333,0.0,25.54666667,0.0,0.0,0.0,0.0,0.0,10.15866667,0.0,0.0,0.0,0.0
0.0,0.0,1.749333333,0.0,1.244,0.0,0.0,0.0,0.0,0.0,0.0,0.0,0.0,0.0,0.0,0.0,0.0,0.0,0.0,0.0,0.0,0.0,0.0
0.0,245.396,134.8106667,0.0,13.03733333,0.385333333,0.0,0.0,396.5573333,134.8986667,15.41866667,4.717333333,163.4426667,506.708,51.36666667,39.42933333,13.48,321.2626667,594.9693333,61.10266667,13.15066667,29.28,439.9906667
0.0,224.5493333,164.5346667,0.0,10.15866667,0.276,0.021333333,0.376,366.9266667,118.304,35.42666667,6.073333333,150.3213333,548.42,72.508,74.564,9.305333333,521.7813333,663.0186667,4.593333333,92.12133333,31.38266667,226.7933333
0.0,240.0866667,168.1186667,0.0,11.72666667,0.024,0.0,0.153333333,455.3413333,145.144,35.90933333,23.63733333,176.1626667,575.516,68.03066667,44.66266667,5.134666667,500.024,758.3946667,26.352,120.828,64.09066667,311.6666667
0.0,234.8133333,90.00666667,0.0,12.38266667,0.086666667,0.001333333,0.42,459.6826667,162.0093333,76.2,28.86133333,191.4146667,545.8533333,75.20933333,41.31066667,2.850666667,150.812,169.036,21.34666667,223.9666667,13.76133333,343.0666667
0.0,227.964,53.42266667,0.0,11.98533333,0.0,0.0,0.0,626.1973333,93.968,79.236,22.948,119.332,546.0093333,61.068,59.04266667,2.941333333,177.3826667,126.1453333,24.90666667,271.3333333,2.314666667,274.8586667
0.0,0.0,1.24,0.0,1.238666667,0.0,0.0,0.0,2.081333333,1.730666667,0.0,0.0,1.781333333,0.0,0.0,0.0,0.030666667,1.52,1.341333333,0.206666667,5.202666667,0.0,0.0
0.0,0.0,1.065333333,0.0,1.226666667,0.0,0.0,0.0,0.0,0.0,0.0,0.0,0.0,0.0,0.0,0.0,0.0,0.0,0.0,0.0,0.0,0.0,0.0
0.0,225.257,50.68,0.0,8.017,0.031,0.0,0.0,849.651,99.276,3.628,85.921,126.415,560.34,39.285,89.464,3.489,486.823,249.495,147.467,280.519,0.0,328.553
0.0,188.509,80.135,0.0,10.156,0.0,0.0,0.109,922.344,119.647,1.101,33.613,145.236,463.089,31.691,70.675,5.867,543.065,282.109,168.268,333.723,0.0,268.637
0.0,231.436,69.305,0.0,9.387,0.0,0.0,1.084,614.68,93.871,0.0,22.909,121.616,562.989,8.556,69.705,4.955,220.228,68.867,94.231,265.008,0.0,488.635
0.0,90.813,26.367,0.0,4.559,0.0,0.0,0.0,386.663,53.492,0.0,16.236,62.348,193.297,9.655,21.972,6.813,142.752,72.713,13.72,152.479,0.0,195.36
0.0,242.621,60.719,0.0,8.599,0.0,0.0,0.0,889.839,115.393,0.0,29.048,138.868,550.929,53.355,63.447,16.933,310.335,155.869,25.928,266.635,13.868,329.563
0.0,36.951,8.417,0.0,1.259,0.0,0.0,0.0,150.136,14.583,0.0,0.0,24.309,42.529,0.0,0.0,0.0,54.452,20.079,1.451,42.716,0.0,0.0
0.0,0.0,1.409,0.0,1.26,0.0,0.0,0.0,0.0,0.0,0.0,0.0,20.519,0.0,0.0,0.0,0.0,0.0,0.0,0.0,0.0,0.0,0.0
0.0,224.957,67.169,0.0,10.46,0.0,0.0,0.1,730.868,100.476,0.088,25.419,124.711,491.353,27.496,67.144,17.304,267.736,126.553,60.629,177.285,0.0,394.004
0.0,229.429,80.967,0.0,10.028,0.0,0.0,0.0,868.923,110.176,0.0,30.792,128.328,516.941,59.532,67.809,13.133,323.175,138.956,19.732,237.597,0.0,362.193
0.0,251.621,63.981,0.0,8.883,0.0,0.0,0.0,764.971,106.583,0.02,72.961,130.697,533.663,34.763,70.095,5.581,239.944,142.317,36.295,281.837,0.0,390.345
0.0,0.0,1.487,0.0,1.793,0.0,0.0,0.0,2.057,1.78,0.0,0.0,4.488,0.0,0.0,0.0,0.0,1.649,3.133,0.201,5.021,0.0,0.0
0.0,236.215,58.988,0.0,11.867,0.0,0.0,0.0,925.579,106.428,50.895,40.212,127.091,582.515,71.963,69.977,11.275,426.909,221.544,136.465,228.771,78.323,322.393
0.0,0.0,3.336,0.0,1.331,0.0,0.0,0.0,78.408,49.843,54.964,0.0,53.288,0.0,0.0,0.0,0.0,40.9,78.428,25.383,72.193,0.0,0.0
0.0,0.0,1.02,0.0,0.947,0.0,0.0,0.0,0.0,0.38,0.637,0.0,0.439,0.0,0.0,0.0,0.0,0.0,0.563,0.0,0.0,0.0,0.0
0.0,249.795,165.789,247.044,11.228,0.163,0.0,0.0,335.68,138.333,83.917,0.073,171.124,613.189,72.32,71.453,2.641,314.207,598.199,71.517,144.245,149.583,269.027
0.0,249.243,208.301,352.788,9.725,0.509,0.0,4.331,573.852,142.357,101.313,0.056,175.141,633.612,62.316,66.916,5.885,385.599,767.877,113.401,191.129,154.137,364.92
0.0,220.015,73.016,0.0,10.42,0.188,0.0,3.041,454.559,125.843,92.741,29.343,161.441,574.939,83.875,62.669,7.297,332.085,636.421,37.009,128.955,109.075,250.228
0.0,219.397,147.061,251.271,9.769,0.0,0.0,0.08,521.587,144.427,104.377,47.245,181.255,595.801,69.571,70.792,5.033,446.391,783.06,100.949,151.933,163.268,270.727
0.0,241.787,158.655,353.052,9.201,0.545,0.025,1.261,520.703,154.583,111.751,14.805,192.157,602.943,55.197,75.532,7.413,357.977,729.809,97.94,144.56,151.039,392.283
0.0,0.0,1.169,0.0,1.491,0.0,0.0,0.0,0.0,0.0,0.0,0.0,1.48,1.936,0.0,0.0,0.0,0.0,0.0,0.0,0.0,0.0,0.0
0.0,0.0,1.107,0.0,1.336,0.0,0.0,0.0,24.633,28.212,0.0,0.0,30.228,0.0,0.0,0.0,0.0,7.592,0.0,0.0,31.732,0.0,0.0
0.0,238.2493333,90.568,0.0,9.274666667,0.258666667,0.204,0.366666667,257.1546667,115.4373333,87.12933333,0.242666667,150.2093333,511.9906667,54.08533333,56.88666667,2.198666667,306.0106667,515.9373333,49.164,89.824,50.23066667,267.0666667
0.0,244.0853333,137.1053333,0.0,10.47866667,0.0,0.201333333,0.0,480.9386667,170.7986667,143.1066667,18.76933333,207.1293333,587.9493333,71.45066667,70.95066667,1.736,506.164,983.4693333,87.03066667,119.1693333,192.744,300.6906667
0.0,222.212,125.2506667,347.8853333,10.31333333,0.0,0.228,0.850666667,489.088,147.1733333,98.54,84.06266667,179.3026667,554.0693333,65.18,78.94266667,5.869333333,552.6093333,599.4306667,69.924,210.384,106.452,250.4693333
0.0,213.44,136.1293333,247.224,10.06,0.178666667,0.0,1.105333333,324.328,143.5586667,107.8293333,61.308,173.5506667,539.464,43.48266667,73.988,11.424,265.3266667,569.5106667,58.04933333,187.5666667,134.432,271.6906667
0.0,207.884,179.1733333,246.9386667,6.502666667,0.393333333,8.372,9.177333333,104.876,128.0653333,52.79066667,1.388,158.0186667,449.564,52.128,35.52666667,15.836,202.8026667,513.248,0.001333333,161.632,126.652,124.4893333
0.0,0.0,58.98933333,0.0,1.129333333,0.0,0.0,0.0,0.0,28.944,0.0,0.0,30.45466667,0.002666667,0.0,0.0,0.0,0.0,0.0,0.0,0.0,0.0,0.0
0.0,0.0,1.478666667,0.0,1.042666667,0.0,0.0,0.0,0.0,0.0,0.0,0.0,0.0,0.0,0.0,0.0,0.0,0.0,0.0,0.0,0.0,0.0,0.0
